-- Generated by Craft v2.6.2988 on Sep 22, 2017, 12:25:28 AM.

--
-- Disable foreign key checks and autocommit.
--

SET FOREIGN_KEY_CHECKS = 0;
SET SQL_MODE = "NO_AUTO_VALUE_ON_ZERO";
SET AUTOCOMMIT = 0;
SET NAMES utf8;


DROP TABLE IF EXISTS `craft_assetfiles`;


--
-- Schema for table `craft_assetfiles`
--
CREATE TABLE `craft_assetfiles` (
  `id` int(11) NOT NULL,
  `sourceId` int(11) DEFAULT NULL,
  `folderId` int(11) NOT NULL,
  `filename` varchar(255) COLLATE utf8_unicode_ci NOT NULL,
  `kind` varchar(50) COLLATE utf8_unicode_ci NOT NULL DEFAULT 'unknown',
  `width` int(11) unsigned DEFAULT NULL,
  `height` int(11) unsigned DEFAULT NULL,
  `size` bigint(20) unsigned DEFAULT NULL,
  `dateModified` datetime DEFAULT NULL,
  `dateCreated` datetime NOT NULL,
  `dateUpdated` datetime NOT NULL,
  `uid` char(36) COLLATE utf8_unicode_ci NOT NULL DEFAULT '0',
  PRIMARY KEY (`id`),
  UNIQUE KEY `craft_assetfiles_filename_folderId_unq_idx` (`filename`,`folderId`),
  KEY `craft_assetfiles_sourceId_fk` (`sourceId`),
  KEY `craft_assetfiles_folderId_fk` (`folderId`)
) ENGINE=InnoDB DEFAULT CHARSET=utf8 COLLATE=utf8_unicode_ci;

--
-- Data for table `craft_assetfiles`
--

INSERT INTO `craft_assetfiles` (`id`, `sourceId`, `folderId`, `filename`, `kind`, `width`, `height`, `size`, `dateModified`, `dateCreated`, `dateUpdated`, `uid`) VALUES
 ('5', '2', '2', 'home-hero-2.jpg', 'image', '1600', '600', '246881', '2017-08-01 06:24:53', '2017-08-01 06:24:53', '2017-08-01 06:24:53', '059779bf-f4b2-47df-8414-dd8101e872f7'),
 ('6', '3', '3', 'akita.jpg', 'image', '500', '320', '88175', '2017-08-01 06:41:37', '2017-08-01 06:41:37', '2017-08-01 06:41:37', '767a995c-9639-4278-b7db-e5cb70d9b2f5'),
 ('8', '3', '3', 'lens.jpg', 'image', '500', '320', '38180', '2017-08-01 06:42:19', '2017-08-01 06:42:19', '2017-08-01 06:42:19', 'd1921c11-e25a-4265-9be9-ba72b60d04bb'),
 ('14', '2', '2', 'pencil.jpg', 'image', '1600', '460', '100325', '2017-08-02 06:29:44', '2017-08-02 06:29:44', '2017-08-02 06:29:44', 'f452835b-e3ae-4f87-92f1-f622d4d3f9e1');



DROP TABLE IF EXISTS `craft_assetfolders`;


--
-- Schema for table `craft_assetfolders`
--
CREATE TABLE `craft_assetfolders` (
  `id` int(11) NOT NULL AUTO_INCREMENT,
  `parentId` int(11) DEFAULT NULL,
  `sourceId` int(11) DEFAULT NULL,
  `name` varchar(255) COLLATE utf8_unicode_ci NOT NULL,
  `path` varchar(255) COLLATE utf8_unicode_ci DEFAULT NULL,
  `dateCreated` datetime NOT NULL,
  `dateUpdated` datetime NOT NULL,
  `uid` char(36) COLLATE utf8_unicode_ci NOT NULL DEFAULT '0',
  PRIMARY KEY (`id`),
  UNIQUE KEY `craft_assetfolders_name_parentId_sourceId_unq_idx` (`name`,`parentId`,`sourceId`),
  KEY `craft_assetfolders_parentId_fk` (`parentId`),
  KEY `craft_assetfolders_sourceId_fk` (`sourceId`)
) ENGINE=InnoDB AUTO_INCREMENT=4 DEFAULT CHARSET=utf8 COLLATE=utf8_unicode_ci;

--
-- Data for table `craft_assetfolders`
--

INSERT INTO `craft_assetfolders` (`id`, `parentId`, `sourceId`, `name`, `path`, `dateCreated`, `dateUpdated`, `uid`) VALUES
 ('2', NULL, '2', 'Hero Images', '', '2017-08-01 06:16:43', '2017-08-01 06:16:43', 'a708ad75-6d49-4cde-828a-ebff8393063d'),
 ('3', NULL, '3', 'Feature Images', '', '2017-08-01 06:37:46', '2017-08-01 06:37:46', '302afaa4-9f96-4943-8130-1cd373d7255a');



DROP TABLE IF EXISTS `craft_assetindexdata`;


--
-- Schema for table `craft_assetindexdata`
--
CREATE TABLE `craft_assetindexdata` (
  `id` int(11) NOT NULL AUTO_INCREMENT,
  `sessionId` varchar(36) COLLATE utf8_unicode_ci NOT NULL DEFAULT '',
  `sourceId` int(10) NOT NULL,
  `offset` int(10) NOT NULL,
  `uri` varchar(255) COLLATE utf8_unicode_ci DEFAULT NULL,
  `size` varchar(255) COLLATE utf8_unicode_ci DEFAULT NULL,
  `recordId` int(10) DEFAULT NULL,
  `dateCreated` datetime NOT NULL,
  `dateUpdated` datetime NOT NULL,
  `uid` char(36) COLLATE utf8_unicode_ci NOT NULL DEFAULT '0',
  PRIMARY KEY (`id`),
  UNIQUE KEY `craft_assetindexdata_sessionId_sourceId_offset_unq_idx` (`sessionId`,`sourceId`,`offset`),
  KEY `craft_assetindexdata_sourceId_fk` (`sourceId`)
) ENGINE=InnoDB DEFAULT CHARSET=utf8 COLLATE=utf8_unicode_ci;

DROP TABLE IF EXISTS `craft_assetsources`;


--
-- Schema for table `craft_assetsources`
--
CREATE TABLE `craft_assetsources` (
  `id` int(11) NOT NULL AUTO_INCREMENT,
  `name` varchar(255) COLLATE utf8_unicode_ci NOT NULL,
  `handle` varchar(255) COLLATE utf8_unicode_ci NOT NULL,
  `type` varchar(150) COLLATE utf8_unicode_ci NOT NULL,
  `settings` text COLLATE utf8_unicode_ci,
  `sortOrder` smallint(6) unsigned DEFAULT NULL,
  `fieldLayoutId` int(10) DEFAULT NULL,
  `dateCreated` datetime NOT NULL,
  `dateUpdated` datetime NOT NULL,
  `uid` char(36) COLLATE utf8_unicode_ci NOT NULL DEFAULT '0',
  PRIMARY KEY (`id`),
  UNIQUE KEY `craft_assetsources_name_unq_idx` (`name`),
  UNIQUE KEY `craft_assetsources_handle_unq_idx` (`handle`),
  KEY `craft_assetsources_fieldLayoutId_fk` (`fieldLayoutId`)
) ENGINE=InnoDB AUTO_INCREMENT=4 DEFAULT CHARSET=utf8 COLLATE=utf8_unicode_ci;

--
-- Data for table `craft_assetsources`
--

INSERT INTO `craft_assetsources` (`id`, `name`, `handle`, `type`, `settings`, `sortOrder`, `fieldLayoutId`, `dateCreated`, `dateUpdated`, `uid`) VALUES
 ('2', 'Hero Images', 'heroImages', 'Local', '{\"path\":\"images\\/hero\\/\",\"publicURLs\":\"1\",\"url\":\"{baseUrl}images\\/hero\\/\"}', '1', '13', '2017-08-01 06:16:43', '2017-08-01 06:16:43', 'f5461f80-2730-4d88-8291-ec8e6269c85f'),
 ('3', 'Feature Images', 'featureImages', 'Local', '{\"path\":\"images\\/feature\\/\",\"publicURLs\":\"1\",\"url\":\"{baseUrl}images\\/feature\\/\"}', '2', '14', '2017-08-01 06:37:46', '2017-08-01 06:37:46', '18c4bed7-945e-41aa-b016-2c94f5dcdc53');



DROP TABLE IF EXISTS `craft_assettransformindex`;


--
-- Schema for table `craft_assettransformindex`
--
CREATE TABLE `craft_assettransformindex` (
  `id` int(11) NOT NULL AUTO_INCREMENT,
  `fileId` int(11) NOT NULL,
  `filename` varchar(255) COLLATE utf8_unicode_ci DEFAULT NULL,
  `format` varchar(255) COLLATE utf8_unicode_ci DEFAULT NULL,
  `location` varchar(255) COLLATE utf8_unicode_ci NOT NULL,
  `sourceId` int(11) DEFAULT NULL,
  `fileExists` tinyint(1) DEFAULT NULL,
  `inProgress` tinyint(1) DEFAULT NULL,
  `dateIndexed` datetime DEFAULT NULL,
  `dateCreated` datetime NOT NULL,
  `dateUpdated` datetime NOT NULL,
  `uid` char(36) COLLATE utf8_unicode_ci NOT NULL DEFAULT '0',
  PRIMARY KEY (`id`),
  KEY `craft_assettransformindex_sourceId_fileId_location_idx` (`sourceId`,`fileId`,`location`)
) ENGINE=InnoDB DEFAULT CHARSET=utf8 COLLATE=utf8_unicode_ci;

DROP TABLE IF EXISTS `craft_assettransforms`;


--
-- Schema for table `craft_assettransforms`
--
CREATE TABLE `craft_assettransforms` (
  `id` int(11) NOT NULL AUTO_INCREMENT,
  `name` varchar(255) COLLATE utf8_unicode_ci NOT NULL,
  `handle` varchar(255) COLLATE utf8_unicode_ci NOT NULL,
  `mode` enum('stretch','fit','crop') COLLATE utf8_unicode_ci NOT NULL DEFAULT 'crop',
  `position` enum('top-left','top-center','top-right','center-left','center-center','center-right','bottom-left','bottom-center','bottom-right') COLLATE utf8_unicode_ci NOT NULL DEFAULT 'center-center',
  `height` int(10) DEFAULT NULL,
  `width` int(10) DEFAULT NULL,
  `format` varchar(255) COLLATE utf8_unicode_ci DEFAULT NULL,
  `quality` int(10) DEFAULT NULL,
  `dimensionChangeTime` datetime DEFAULT NULL,
  `dateCreated` datetime NOT NULL,
  `dateUpdated` datetime NOT NULL,
  `uid` char(36) COLLATE utf8_unicode_ci NOT NULL DEFAULT '0',
  PRIMARY KEY (`id`),
  UNIQUE KEY `craft_assettransforms_name_unq_idx` (`name`),
  UNIQUE KEY `craft_assettransforms_handle_unq_idx` (`handle`)
) ENGINE=InnoDB DEFAULT CHARSET=utf8 COLLATE=utf8_unicode_ci;

DROP TABLE IF EXISTS `craft_categories`;


--
-- Schema for table `craft_categories`
--
CREATE TABLE `craft_categories` (
  `id` int(11) NOT NULL,
  `groupId` int(11) NOT NULL,
  `dateCreated` datetime NOT NULL,
  `dateUpdated` datetime NOT NULL,
  `uid` char(36) COLLATE utf8_unicode_ci NOT NULL DEFAULT '0',
  PRIMARY KEY (`id`),
  KEY `craft_categories_groupId_fk` (`groupId`)
) ENGINE=InnoDB DEFAULT CHARSET=utf8 COLLATE=utf8_unicode_ci;

DROP TABLE IF EXISTS `craft_categorygroups`;


--
-- Schema for table `craft_categorygroups`
--
CREATE TABLE `craft_categorygroups` (
  `id` int(11) NOT NULL AUTO_INCREMENT,
  `structureId` int(11) NOT NULL,
  `fieldLayoutId` int(11) DEFAULT NULL,
  `name` varchar(255) COLLATE utf8_unicode_ci NOT NULL,
  `handle` varchar(255) COLLATE utf8_unicode_ci NOT NULL,
  `hasUrls` tinyint(1) unsigned NOT NULL DEFAULT '1',
  `template` varchar(500) COLLATE utf8_unicode_ci DEFAULT NULL,
  `dateCreated` datetime NOT NULL,
  `dateUpdated` datetime NOT NULL,
  `uid` char(36) COLLATE utf8_unicode_ci NOT NULL DEFAULT '0',
  PRIMARY KEY (`id`),
  UNIQUE KEY `craft_categorygroups_name_unq_idx` (`name`),
  UNIQUE KEY `craft_categorygroups_handle_unq_idx` (`handle`),
  KEY `craft_categorygroups_structureId_fk` (`structureId`),
  KEY `craft_categorygroups_fieldLayoutId_fk` (`fieldLayoutId`)
) ENGINE=InnoDB DEFAULT CHARSET=utf8 COLLATE=utf8_unicode_ci;

DROP TABLE IF EXISTS `craft_categorygroups_i18n`;


--
-- Schema for table `craft_categorygroups_i18n`
--
CREATE TABLE `craft_categorygroups_i18n` (
  `id` int(11) NOT NULL AUTO_INCREMENT,
  `groupId` int(11) NOT NULL,
  `locale` char(12) COLLATE utf8_unicode_ci NOT NULL,
  `urlFormat` text COLLATE utf8_unicode_ci,
  `nestedUrlFormat` text COLLATE utf8_unicode_ci,
  `dateCreated` datetime NOT NULL,
  `dateUpdated` datetime NOT NULL,
  `uid` char(36) COLLATE utf8_unicode_ci NOT NULL DEFAULT '0',
  PRIMARY KEY (`id`),
  UNIQUE KEY `craft_categorygroups_i18n_groupId_locale_unq_idx` (`groupId`,`locale`),
  KEY `craft_categorygroups_i18n_locale_fk` (`locale`)
) ENGINE=InnoDB DEFAULT CHARSET=utf8 COLLATE=utf8_unicode_ci;

DROP TABLE IF EXISTS `craft_content`;


--
-- Schema for table `craft_content`
--
CREATE TABLE `craft_content` (
  `id` int(11) NOT NULL AUTO_INCREMENT,
  `elementId` int(11) NOT NULL,
  `locale` char(12) COLLATE utf8_unicode_ci NOT NULL,
  `title` varchar(255) COLLATE utf8_unicode_ci DEFAULT NULL,
  `field_body` text COLLATE utf8_unicode_ci,
  `field_description` text COLLATE utf8_unicode_ci,
  `field_buttonText` text COLLATE utf8_unicode_ci,
  `field_buttonUrl` text COLLATE utf8_unicode_ci,
  `field_fontAwesomeIcon` text COLLATE utf8_unicode_ci,
  `field_currency` text COLLATE utf8_unicode_ci,
  `field_price` int(10) unsigned DEFAULT '0',
  `field_featureList` text COLLATE utf8_unicode_ci,
  `field_copyrightMessage` text COLLATE utf8_unicode_ci,
  `dateCreated` datetime NOT NULL,
  `dateUpdated` datetime NOT NULL,
  `uid` char(36) COLLATE utf8_unicode_ci NOT NULL DEFAULT '0',
  PRIMARY KEY (`id`),
  UNIQUE KEY `craft_content_elementId_locale_unq_idx` (`elementId`,`locale`),
  KEY `craft_content_title_idx` (`title`),
  KEY `craft_content_locale_fk` (`locale`)
) ENGINE=InnoDB AUTO_INCREMENT=21 DEFAULT CHARSET=utf8 COLLATE=utf8_unicode_ci;

--
-- Data for table `craft_content`
--

INSERT INTO `craft_content` (`id`, `elementId`, `locale`, `title`, `field_body`, `field_description`, `field_buttonText`, `field_buttonUrl`, `field_fontAwesomeIcon`, `field_currency`, `field_price`, `field_featureList`, `field_copyrightMessage`, `dateCreated`, `dateUpdated`, `uid`) VALUES
 ('1', '1', 'en_us', NULL, NULL, NULL, NULL, NULL, NULL, NULL, '0', NULL, NULL, '2017-08-01 05:45:24', '2017-08-01 05:45:24', '573372f2-4e80-43e9-94b6-5f10146b0695'),
 ('2', '2', 'en_us', 'Welcome to Localhost!', '<p>It’s true, this site doesn’t have a whole lot of content yet, but don’t worry. Our web developers have just installed the CMS, and they’re setting things up for the content editors this very moment. Soon Localhost will be an oasis of fresh perspectives, sharp analyses, and astute opinions that will keep you coming back again and again.</p>', NULL, NULL, NULL, NULL, NULL, '0', NULL, NULL, '2017-08-01 05:45:27', '2017-08-09 19:41:02', '35282f1b-0dd3-47d3-a2ca-b5a5c99fdd99'),
 ('3', '3', 'en_us', 'We just installed Craft!', '<p>Craft is the CMS that’s powering Localhost. It’s beautiful, powerful, flexible, and easy-to-use, and it’s made by Pixel &amp; Tonic. We can’t wait to dive in and see what it’s capable of!</p><!--pagebreak--><p>This is even more captivating content, which you couldn’t see on the News index page because it was entered after a Page Break, and the News index template only likes to show the content on the first page.</p><p>Craft: a nice alternative to Word, if you’re making a website.</p>', NULL, NULL, NULL, NULL, NULL, '0', NULL, NULL, '2017-08-01 05:45:27', '2017-08-09 19:41:02', '496031a9-d83d-4331-a2b3-9f952674c8dc'),
 ('4', '4', 'en_us', 'It\'s time to letgo!', NULL, 'A simple and modern one page business theme for your company', 'Sell your shit', '#', NULL, NULL, '0', NULL, NULL, '2017-08-01 06:03:27', '2017-08-09 19:41:02', 'ad8c5d2d-061f-475a-ba35-7f7b9b37e12c'),
 ('5', '5', 'en_us', 'Home Hero 2', NULL, NULL, NULL, NULL, NULL, NULL, '0', NULL, NULL, '2017-08-01 06:24:53', '2017-08-09 19:41:02', '5c9d8c72-d565-4758-8eaa-1843afb85fed'),
 ('6', '6', 'en_us', 'Akita', NULL, NULL, NULL, NULL, NULL, NULL, '0', NULL, NULL, '2017-08-01 06:41:37', '2017-08-09 19:41:02', 'abd19dad-cd3b-4c4a-95a5-e814fab2c92a'),
 ('7', '7', 'en_us', 'Responsiveness - you bet', '<p>Pellentesque habitant morbi tristique senectus et netus et malesuada fames ac turpis egestas. Vestibulum tortor quam, feugiat vitae, ultricies eget, tempor sit amet, ante. Donec eu libero sit amet quam egestas semper. Aenean ultricies mi vitae est. Mauris placerat eleifend leo.</p>', NULL, NULL, NULL, NULL, NULL, '0', NULL, NULL, '2017-08-01 06:41:43', '2017-08-09 19:41:02', '754dbf68-380c-47e8-a0f6-e87956a94caa'),
 ('8', '8', 'en_us', 'Lens', NULL, NULL, NULL, NULL, NULL, NULL, '0', NULL, NULL, '2017-08-01 06:42:19', '2017-08-09 19:41:02', 'a0db5155-4057-49b1-bdf4-35635fb5c52d'),
 ('9', '9', 'en_us', 'Easily changing colors', '<p>Pellentesque habitant morbi tristique senectus et netus et malesuada fames ac turpis egestas. Vestibulum tortor quam, feugiat vitae, ultricies eget, tempor sit amet, ante. Donec eu libero sit amet quam egestas semper. Aenean ultricies mi vitae est. Mauris placerat eleifend leo.</p>', NULL, NULL, NULL, NULL, NULL, '0', NULL, NULL, '2017-08-01 06:42:23', '2017-08-09 19:41:02', '3775ea48-9f36-4f2d-add0-23f2475100ba'),
 ('10', '10', 'en_us', 'Personal', NULL, NULL, NULL, NULL, 'fa-user', '', '29', '<ul><li>No minimum or setup fees</li><li>24 hours free support</li><li>Money back guarantee</li><li>7 features installed</li></ul>', NULL, '2017-08-02 06:11:36', '2017-08-09 19:41:02', '0594595a-35e5-40d2-ae9a-b790728e86e0'),
 ('11', '11', 'en_us', 'Small Team', NULL, NULL, NULL, NULL, 'fa-users', '', '39', '<ul><li>Corporate</li><li>24/7 support</li><li>New updates included</li><li>Awesome widgets installed</li></ul>', NULL, '2017-08-02 06:12:07', '2017-08-09 19:41:02', '910468f9-756c-4060-a2e1-efba22b6d324'),
 ('12', '12', 'en_us', 'Enterprise', NULL, NULL, NULL, NULL, 'fa-bank', '', '49', '<ul><li>No minimum or setup fees</li><li>24 hours free support</li><li>Money back guarantee</li><li>7 features installed</li></ul>', NULL, '2017-08-02 06:12:48', '2017-08-09 19:41:02', '7c4a023b-f7d3-4abc-aac6-3628de3b2ecb'),
 ('13', '13', 'en_us', 'Corporate', NULL, NULL, NULL, NULL, 'fa-briefcase', '', '59', '<ul><li>No minimum or setup fees</li><li>24 hours free support</li><li>Money back guarantee</li><li>7 features installed</li></ul>', NULL, '2017-08-02 06:13:23', '2017-08-09 19:41:02', '6b6046be-55d5-4732-ac68-a44f0caed043'),
 ('14', '14', 'en_us', 'Pencil', NULL, NULL, NULL, NULL, NULL, NULL, '0', NULL, NULL, '2017-08-02 06:29:44', '2017-08-09 19:41:02', 'a360bb13-4808-41aa-b356-dc7df1048a8d'),
 ('15', '15', 'en_us', 'Simple and effective landing page', NULL, 'See how Flexible can become your perfect website.  CALL TO ACTION', 'letgo', '#', NULL, NULL, '0', NULL, NULL, '2017-08-02 06:29:51', '2017-08-09 19:41:02', '6cd86919-d805-45d0-be99-d04e16fbba3a'),
 ('16', '16', 'en_us', 'Footer Two', NULL, NULL, NULL, NULL, NULL, NULL, '0', NULL, '© Copyright 2016 Flexible. All rights reserved.', '2017-08-02 06:40:18', '2017-08-09 19:41:02', '19068dcb-2fe3-4d1d-a70e-40f7ebeee658'),
 ('17', '5', 'es_us', 'Home Hero 2', NULL, NULL, NULL, NULL, NULL, NULL, '0', NULL, NULL, '2017-08-09 19:41:02', '2017-08-09 19:41:02', '8c9e8ba8-70cb-4dea-a3ae-3547aaa4cb11'),
 ('18', '6', 'es_us', 'Akita', NULL, NULL, NULL, NULL, NULL, NULL, '0', NULL, NULL, '2017-08-09 19:41:02', '2017-08-09 19:41:02', 'fb4639ac-22fd-4e3c-b079-5fe9fa62b7c8'),
 ('19', '8', 'es_us', 'Lens', NULL, NULL, NULL, NULL, NULL, NULL, '0', NULL, NULL, '2017-08-09 19:41:02', '2017-08-09 19:41:02', '50ca81d9-7236-4348-964b-63110f6cc167'),
 ('20', '14', 'es_us', 'Pencil', NULL, NULL, NULL, NULL, NULL, NULL, '0', NULL, NULL, '2017-08-09 19:41:02', '2017-08-09 19:41:02', '14494261-ee78-4c47-a243-b902dbcbd2f5');



DROP TABLE IF EXISTS `craft_deprecationerrors`;


--
-- Schema for table `craft_deprecationerrors`
--
CREATE TABLE `craft_deprecationerrors` (
  `id` int(11) NOT NULL AUTO_INCREMENT,
  `key` varchar(255) COLLATE utf8_unicode_ci NOT NULL,
  `fingerprint` varchar(255) COLLATE utf8_unicode_ci NOT NULL,
  `lastOccurrence` datetime NOT NULL,
  `file` varchar(255) COLLATE utf8_unicode_ci NOT NULL,
  `line` smallint(6) unsigned NOT NULL,
  `class` varchar(255) COLLATE utf8_unicode_ci DEFAULT NULL,
  `method` varchar(255) COLLATE utf8_unicode_ci DEFAULT NULL,
  `template` varchar(255) COLLATE utf8_unicode_ci DEFAULT NULL,
  `templateLine` smallint(6) unsigned DEFAULT NULL,
  `message` varchar(255) COLLATE utf8_unicode_ci DEFAULT NULL,
  `traces` text COLLATE utf8_unicode_ci,
  `dateCreated` datetime NOT NULL,
  `dateUpdated` datetime NOT NULL,
  `uid` char(36) COLLATE utf8_unicode_ci NOT NULL DEFAULT '0',
  PRIMARY KEY (`id`),
  UNIQUE KEY `craft_deprecationerrors_key_fingerprint_unq_idx` (`key`,`fingerprint`)
) ENGINE=InnoDB DEFAULT CHARSET=utf8 COLLATE=utf8_unicode_ci;

DROP TABLE IF EXISTS `craft_elementindexsettings`;


--
-- Schema for table `craft_elementindexsettings`
--
CREATE TABLE `craft_elementindexsettings` (
  `id` int(11) NOT NULL AUTO_INCREMENT,
  `type` varchar(150) COLLATE utf8_unicode_ci NOT NULL,
  `settings` text COLLATE utf8_unicode_ci,
  `dateCreated` datetime NOT NULL,
  `dateUpdated` datetime NOT NULL,
  `uid` char(36) COLLATE utf8_unicode_ci NOT NULL DEFAULT '0',
  PRIMARY KEY (`id`),
  UNIQUE KEY `craft_elementindexsettings_type_unq_idx` (`type`)
) ENGINE=InnoDB AUTO_INCREMENT=2 DEFAULT CHARSET=utf8 COLLATE=utf8_unicode_ci;

--
-- Data for table `craft_elementindexsettings`
--

INSERT INTO `craft_elementindexsettings` (`id`, `type`, `settings`, `dateCreated`, `dateUpdated`, `uid`) VALUES
 ('1', 'Entry', '{\"sources\":{\"section:3\":{\"tableAttributes\":{\"1\":\"postDate\",\"2\":\"expiryDate\",\"3\":\"link\",\"4\":\"type\"}}}}', '2017-08-01 18:03:17', '2017-08-01 18:03:17', '92c6c12c-ef8e-4b48-929a-15ba20066ccd');



DROP TABLE IF EXISTS `craft_elements`;


--
-- Schema for table `craft_elements`
--
CREATE TABLE `craft_elements` (
  `id` int(11) NOT NULL AUTO_INCREMENT,
  `type` varchar(150) COLLATE utf8_unicode_ci NOT NULL,
  `enabled` tinyint(1) unsigned NOT NULL DEFAULT '1',
  `archived` tinyint(1) unsigned NOT NULL DEFAULT '0',
  `dateCreated` datetime NOT NULL,
  `dateUpdated` datetime NOT NULL,
  `uid` char(36) COLLATE utf8_unicode_ci NOT NULL DEFAULT '0',
  PRIMARY KEY (`id`),
  KEY `craft_elements_type_idx` (`type`),
  KEY `craft_elements_enabled_idx` (`enabled`),
  KEY `craft_elements_archived_dateCreated_idx` (`archived`,`dateCreated`)
) ENGINE=InnoDB AUTO_INCREMENT=19 DEFAULT CHARSET=utf8 COLLATE=utf8_unicode_ci;

--
-- Data for table `craft_elements`
--

INSERT INTO `craft_elements` (`id`, `type`, `enabled`, `archived`, `dateCreated`, `dateUpdated`, `uid`) VALUES
 ('1', 'User', '1', '0', '2017-08-01 05:45:24', '2017-08-01 05:45:24', 'c911667a-88f6-498d-aa02-a74352b274ee'),
 ('2', 'Entry', '1', '0', '2017-08-01 05:45:27', '2017-08-09 19:41:02', '8da699b1-1a93-414c-85b0-682e45b20829'),
 ('3', 'Entry', '1', '0', '2017-08-01 05:45:27', '2017-08-09 19:41:02', '58b5338d-dee3-4a57-92c5-01eeaf5d73e9'),
 ('4', 'Entry', '1', '0', '2017-08-01 06:03:27', '2017-08-09 19:41:02', 'a62fac74-91e9-4ad1-bd5e-cb2bca2aca9b'),
 ('5', 'Asset', '1', '0', '2017-08-01 06:24:53', '2017-08-09 19:41:02', '649bbbe9-7ac6-41a4-8b32-57af3067296e'),
 ('6', 'Asset', '1', '0', '2017-08-01 06:41:37', '2017-08-09 19:41:02', '93a1c034-6078-4cfa-af9d-9c45ab61728a'),
 ('7', 'Entry', '1', '0', '2017-08-01 06:41:43', '2017-08-09 19:41:02', '9210d16b-7515-47a9-9d00-3617a8ec79a9'),
 ('8', 'Asset', '1', '0', '2017-08-01 06:42:19', '2017-08-09 19:41:02', 'bb58aee2-f122-4307-b762-d2bef13cef73'),
 ('9', 'Entry', '1', '0', '2017-08-01 06:42:23', '2017-08-09 19:41:02', '2020e025-75e7-49ee-b191-6f8f92d294d5'),
 ('10', 'Entry', '1', '0', '2017-08-02 06:11:36', '2017-08-09 19:41:02', '0e4ad259-517b-4755-8033-f083e76a893c'),
 ('11', 'Entry', '1', '0', '2017-08-02 06:12:07', '2017-08-09 19:41:02', 'eecb1854-c9fb-4ac0-bd52-e7c2987317c7'),
 ('12', 'Entry', '1', '0', '2017-08-02 06:12:48', '2017-08-09 19:41:02', 'bb48f864-2252-41ac-83b4-0dbb3304375b'),
 ('13', 'Entry', '1', '0', '2017-08-02 06:13:23', '2017-08-09 19:41:02', '49d72e25-82d7-4ed9-9ec0-56244b7ba3f7'),
 ('14', 'Asset', '1', '0', '2017-08-02 06:29:44', '2017-08-09 19:41:02', '5556101f-95be-4401-b469-9e847f8dbdb6'),
 ('15', 'Entry', '1', '0', '2017-08-02 06:29:51', '2017-08-09 19:41:02', 'eb5a30e9-b005-4ec8-a06d-419660da8269'),
 ('16', 'Entry', '1', '0', '2017-08-02 06:40:18', '2017-08-09 19:41:02', '843179ec-476f-4fa6-80ef-d69321f11958'),
 ('17', 'MatrixBlock', '1', '0', '2017-08-02 06:40:18', '2017-08-09 19:41:02', 'f1d53238-477a-4d3e-8cb0-da554c9903e7'),
 ('18', 'MatrixBlock', '1', '0', '2017-08-02 06:40:18', '2017-08-09 19:41:02', '2b028827-b56c-424a-990a-1145ad40cc33');



DROP TABLE IF EXISTS `craft_elements_i18n`;


--
-- Schema for table `craft_elements_i18n`
--
CREATE TABLE `craft_elements_i18n` (
  `id` int(11) NOT NULL AUTO_INCREMENT,
  `elementId` int(11) NOT NULL,
  `locale` char(12) COLLATE utf8_unicode_ci NOT NULL,
  `slug` varchar(255) COLLATE utf8_unicode_ci DEFAULT NULL,
  `uri` varchar(255) COLLATE utf8_unicode_ci DEFAULT NULL,
  `enabled` tinyint(1) unsigned NOT NULL DEFAULT '1',
  `dateCreated` datetime NOT NULL,
  `dateUpdated` datetime NOT NULL,
  `uid` char(36) COLLATE utf8_unicode_ci NOT NULL DEFAULT '0',
  PRIMARY KEY (`id`),
  UNIQUE KEY `craft_elements_i18n_elementId_locale_unq_idx` (`elementId`,`locale`),
  UNIQUE KEY `craft_elements_i18n_uri_locale_unq_idx` (`uri`,`locale`),
  KEY `craft_elements_i18n_slug_locale_idx` (`slug`,`locale`),
  KEY `craft_elements_i18n_enabled_idx` (`enabled`),
  KEY `craft_elements_i18n_locale_fk` (`locale`)
) ENGINE=InnoDB AUTO_INCREMENT=23 DEFAULT CHARSET=utf8 COLLATE=utf8_unicode_ci;

--
-- Data for table `craft_elements_i18n`
--

INSERT INTO `craft_elements_i18n` (`id`, `elementId`, `locale`, `slug`, `uri`, `enabled`, `dateCreated`, `dateUpdated`, `uid`) VALUES
 ('1', '1', 'en_us', '', NULL, '1', '2017-08-01 05:45:24', '2017-08-01 05:45:24', '8c7dcf20-f8fb-4a5f-b0c1-e78681d36855'),
 ('2', '2', 'en_us', 'homepage', '__home__', '1', '2017-08-01 05:45:27', '2017-08-09 19:41:02', '788e9c4c-3702-4815-bd4b-35dbce536953'),
 ('3', '3', 'en_us', 'we-just-installed-craft', 'news/2017/we-just-installed-craft', '1', '2017-08-01 05:45:27', '2017-08-09 19:41:02', 'a8c7c687-17d0-441f-89f6-9e45a54db703'),
 ('4', '4', 'en_us', 'flexible-landing-page', NULL, '1', '2017-08-01 06:03:27', '2017-08-09 19:41:02', '130b2977-80a9-413c-bf76-273ece465ed8'),
 ('5', '5', 'en_us', 'home-hero-2', NULL, '1', '2017-08-01 06:24:53', '2017-08-09 19:41:02', '338ef495-5a96-48f1-a682-84aa2e55c4a4'),
 ('6', '6', 'en_us', 'akita', NULL, '1', '2017-08-01 06:41:37', '2017-08-09 19:41:02', '7ce56785-390e-457d-a850-1f081e5c4162'),
 ('7', '7', 'en_us', 'responsiveness-you-bet', NULL, '1', '2017-08-01 06:41:43', '2017-08-09 19:41:02', '8f3fd785-f26a-421a-9f6c-8a8edfb3caa5'),
 ('8', '8', 'en_us', 'lens', NULL, '1', '2017-08-01 06:42:19', '2017-08-09 19:41:02', '3313933b-28d8-4dbf-8f0b-bf95d177263d'),
 ('9', '9', 'en_us', 'easily-changing-colors', NULL, '1', '2017-08-01 06:42:23', '2017-08-09 19:41:02', '593e7bd1-8686-4c9e-ad97-fd4b84095bf1'),
 ('10', '10', 'en_us', 'personal', NULL, '1', '2017-08-02 06:11:36', '2017-08-09 19:41:02', '64006596-b1a5-4527-8fc3-a536985699b8'),
 ('11', '11', 'en_us', 'small-team', NULL, '1', '2017-08-02 06:12:07', '2017-08-09 19:41:02', '5a69423d-04d9-4876-ae61-f2a9addeb320'),
 ('12', '12', 'en_us', 'enterprise', NULL, '1', '2017-08-02 06:12:48', '2017-08-09 19:41:02', '019c8871-1e4f-4ae0-9ac9-54ebbb250d35'),
 ('13', '13', 'en_us', 'corporate', NULL, '1', '2017-08-02 06:13:23', '2017-08-09 19:41:02', '0dcd3715-d88d-4da8-9bbc-077ed058754c'),
 ('14', '14', 'en_us', 'pencil', NULL, '1', '2017-08-02 06:29:44', '2017-08-09 19:41:02', '716fb990-bef7-4971-a864-49a44479a15d'),
 ('15', '15', 'en_us', 'simple-and-effective-landing-page', NULL, '1', '2017-08-02 06:29:51', '2017-08-09 19:41:02', '4b9f0837-fd2a-4d98-a33a-dfb3cd6bdb29'),
 ('16', '16', 'en_us', 'footer-two', NULL, '1', '2017-08-02 06:40:18', '2017-08-09 19:41:02', 'e0d9734c-b0a3-48b4-a278-5a4fc43dac80'),
 ('17', '17', 'en_us', '', NULL, '1', '2017-08-02 06:40:18', '2017-08-09 19:41:02', '909975c8-d259-49c4-a922-d3c654d60859'),
 ('18', '18', 'en_us', '', NULL, '1', '2017-08-02 06:40:18', '2017-08-09 19:41:02', 'a66f7a3e-5ef4-439c-8690-edad026a85cb'),
 ('19', '5', 'es_us', 'home-hero-2', NULL, '1', '2017-08-09 19:41:02', '2017-08-09 19:41:02', '227f70ec-c2b3-41c8-a001-23de19047385'),
 ('20', '6', 'es_us', 'akita', NULL, '1', '2017-08-09 19:41:02', '2017-08-09 19:41:02', 'b860a8ab-a10c-4087-9ab6-6d03b1021f32'),
 ('21', '8', 'es_us', 'lens', NULL, '1', '2017-08-09 19:41:02', '2017-08-09 19:41:02', 'ce0de408-da8e-40a7-96ff-cdd9fac64155'),
 ('22', '14', 'es_us', 'pencil', NULL, '1', '2017-08-09 19:41:02', '2017-08-09 19:41:02', '0fdc010c-388c-4e36-b071-ff82bb9aaf1c');



DROP TABLE IF EXISTS `craft_emailmessages`;


--
-- Schema for table `craft_emailmessages`
--
CREATE TABLE `craft_emailmessages` (
  `id` int(11) NOT NULL AUTO_INCREMENT,
  `key` char(150) COLLATE utf8_unicode_ci NOT NULL,
  `locale` char(12) COLLATE utf8_unicode_ci NOT NULL,
  `subject` varchar(1000) COLLATE utf8_unicode_ci NOT NULL,
  `body` text COLLATE utf8_unicode_ci NOT NULL,
  `dateCreated` datetime NOT NULL,
  `dateUpdated` datetime NOT NULL,
  `uid` char(36) COLLATE utf8_unicode_ci NOT NULL DEFAULT '0',
  PRIMARY KEY (`id`),
  UNIQUE KEY `craft_emailmessages_key_locale_unq_idx` (`key`,`locale`),
  KEY `craft_emailmessages_locale_fk` (`locale`)
) ENGINE=InnoDB DEFAULT CHARSET=utf8 COLLATE=utf8_unicode_ci;

DROP TABLE IF EXISTS `craft_entries`;


--
-- Schema for table `craft_entries`
--
CREATE TABLE `craft_entries` (
  `id` int(11) NOT NULL,
  `sectionId` int(11) NOT NULL,
  `typeId` int(11) DEFAULT NULL,
  `authorId` int(11) DEFAULT NULL,
  `postDate` datetime DEFAULT NULL,
  `expiryDate` datetime DEFAULT NULL,
  `dateCreated` datetime NOT NULL,
  `dateUpdated` datetime NOT NULL,
  `uid` char(36) COLLATE utf8_unicode_ci NOT NULL DEFAULT '0',
  PRIMARY KEY (`id`),
  KEY `craft_entries_sectionId_idx` (`sectionId`),
  KEY `craft_entries_typeId_idx` (`typeId`),
  KEY `craft_entries_postDate_idx` (`postDate`),
  KEY `craft_entries_expiryDate_idx` (`expiryDate`),
  KEY `craft_entries_authorId_fk` (`authorId`)
) ENGINE=InnoDB DEFAULT CHARSET=utf8 COLLATE=utf8_unicode_ci;

--
-- Data for table `craft_entries`
--

INSERT INTO `craft_entries` (`id`, `sectionId`, `typeId`, `authorId`, `postDate`, `expiryDate`, `dateCreated`, `dateUpdated`, `uid`) VALUES
 ('2', '1', NULL, NULL, '2017-08-01 05:45:27', NULL, '2017-08-01 05:45:27', '2017-08-01 18:07:43', '130a634a-f95c-487c-8fd8-33bf0d3f3667'),
 ('3', '2', '2', '1', '2017-08-01 05:45:27', NULL, '2017-08-01 05:45:27', '2017-08-01 05:45:27', 'c8eed6bf-e6d4-43f8-b7d9-54a13756b287'),
 ('4', '3', '3', '1', '2017-08-01 06:03:00', NULL, '2017-08-01 06:03:27', '2017-08-01 18:00:04', '609a0dbe-c03a-417d-a55e-24a9dc473cef'),
 ('7', '3', '4', '1', '2017-08-01 06:41:43', NULL, '2017-08-01 06:41:43', '2017-08-01 06:41:43', 'ae2e9add-1eb3-4fa9-87c0-566f3a58e4a4'),
 ('9', '3', '4', '1', '2017-08-01 06:42:23', NULL, '2017-08-01 06:42:23', '2017-08-01 06:42:23', 'd48f323a-51ee-45e2-84e1-9d1417af8b59'),
 ('10', '3', '5', '1', '2017-08-02 06:11:00', NULL, '2017-08-02 06:11:36', '2017-08-02 06:26:05', '51c80a6d-89f9-4def-bb45-a1fe8b4505ec'),
 ('11', '3', '5', '1', '2017-08-02 06:12:07', NULL, '2017-08-02 06:12:07', '2017-08-02 06:12:07', '35a23141-dd56-43fb-8f11-64a2036977c9'),
 ('12', '3', '5', '1', '2017-08-02 06:12:48', NULL, '2017-08-02 06:12:48', '2017-08-02 06:12:48', '73a12b3b-a83a-4e27-bb8c-dab4624ef09e'),
 ('13', '3', '5', '1', '2017-08-02 06:13:23', NULL, '2017-08-02 06:13:23', '2017-08-02 06:13:23', 'f4ae4830-d586-42b7-a39b-c88e6e574d89'),
 ('15', '3', '6', '1', '2017-08-02 06:29:51', NULL, '2017-08-02 06:29:51', '2017-08-02 06:29:51', '2b7c86d8-e70f-44a7-b4c0-01dd23ffd224'),
 ('16', '3', '7', '1', '2017-08-02 06:40:18', NULL, '2017-08-02 06:40:18', '2017-08-02 06:40:18', '4bfc6f8a-34a8-4fe7-8f67-a1d76c74dad7');



DROP TABLE IF EXISTS `craft_entrydrafts`;


--
-- Schema for table `craft_entrydrafts`
--
CREATE TABLE `craft_entrydrafts` (
  `id` int(11) NOT NULL AUTO_INCREMENT,
  `entryId` int(11) NOT NULL,
  `sectionId` int(11) NOT NULL,
  `creatorId` int(11) NOT NULL,
  `locale` char(12) COLLATE utf8_unicode_ci NOT NULL,
  `name` varchar(255) COLLATE utf8_unicode_ci NOT NULL,
  `notes` tinytext COLLATE utf8_unicode_ci,
  `data` mediumtext COLLATE utf8_unicode_ci NOT NULL,
  `dateCreated` datetime NOT NULL,
  `dateUpdated` datetime NOT NULL,
  `uid` char(36) COLLATE utf8_unicode_ci NOT NULL DEFAULT '0',
  PRIMARY KEY (`id`),
  KEY `craft_entrydrafts_entryId_locale_idx` (`entryId`,`locale`),
  KEY `craft_entrydrafts_sectionId_fk` (`sectionId`),
  KEY `craft_entrydrafts_creatorId_fk` (`creatorId`),
  KEY `craft_entrydrafts_locale_fk` (`locale`)
) ENGINE=InnoDB DEFAULT CHARSET=utf8 COLLATE=utf8_unicode_ci;

DROP TABLE IF EXISTS `craft_entrytypes`;


--
-- Schema for table `craft_entrytypes`
--
CREATE TABLE `craft_entrytypes` (
  `id` int(11) NOT NULL AUTO_INCREMENT,
  `sectionId` int(11) NOT NULL,
  `fieldLayoutId` int(11) DEFAULT NULL,
  `name` varchar(255) COLLATE utf8_unicode_ci NOT NULL,
  `handle` varchar(255) COLLATE utf8_unicode_ci NOT NULL,
  `hasTitleField` tinyint(1) unsigned NOT NULL DEFAULT '1',
  `titleLabel` varchar(255) COLLATE utf8_unicode_ci DEFAULT 'Title',
  `titleFormat` varchar(255) COLLATE utf8_unicode_ci DEFAULT NULL,
  `sortOrder` smallint(6) unsigned DEFAULT NULL,
  `dateCreated` datetime NOT NULL,
  `dateUpdated` datetime NOT NULL,
  `uid` char(36) COLLATE utf8_unicode_ci NOT NULL DEFAULT '0',
  PRIMARY KEY (`id`),
  UNIQUE KEY `craft_entrytypes_name_sectionId_unq_idx` (`name`,`sectionId`),
  UNIQUE KEY `craft_entrytypes_handle_sectionId_unq_idx` (`handle`,`sectionId`),
  KEY `craft_entrytypes_sectionId_fk` (`sectionId`),
  KEY `craft_entrytypes_fieldLayoutId_fk` (`fieldLayoutId`)
) ENGINE=InnoDB AUTO_INCREMENT=8 DEFAULT CHARSET=utf8 COLLATE=utf8_unicode_ci;

--
-- Data for table `craft_entrytypes`
--

INSERT INTO `craft_entrytypes` (`id`, `sectionId`, `fieldLayoutId`, `name`, `handle`, `hasTitleField`, `titleLabel`, `titleFormat`, `sortOrder`, `dateCreated`, `dateUpdated`, `uid`) VALUES
 ('1', '1', '3', 'Homepage', 'homepage', '1', 'Title', NULL, '1', '2017-08-01 05:45:27', '2017-08-01 05:45:27', '2471d407-c317-47ab-902d-95487900ecbc'),
 ('2', '2', '5', 'News', 'news', '1', 'Title', NULL, '1', '2017-08-01 05:45:27', '2017-08-01 05:45:27', 'c024484c-a716-476f-a002-a0f7adc680fe'),
 ('3', '3', '8', 'Hero Panel', 'heroPanel', '1', 'Title', NULL, '1', '2017-08-01 05:54:37', '2017-08-01 05:59:13', '102a877c-cc97-4404-a3b3-c19e7675e3e1'),
 ('4', '3', '15', 'Feature', 'feature', '1', 'Title', NULL, '2', '2017-08-01 06:39:38', '2017-08-01 06:39:38', '976a60e7-fc5c-4987-bd04-1ac8094e2b14'),
 ('5', '3', '16', 'Pricing', 'pricing', '1', 'Title', NULL, '3', '2017-08-02 06:09:13', '2017-08-02 06:09:13', 'b82a949c-4e10-45fe-998a-9399fd8de840'),
 ('6', '3', '17', 'Footer One', 'footerOne', '1', 'Title', NULL, '4', '2017-08-02 06:28:14', '2017-08-02 06:28:14', '7c2f2343-2db1-4b1b-a8df-edb70fe5645c'),
 ('7', '3', '19', 'Footer Two', 'footerTwo', '1', 'Title', NULL, '5', '2017-08-02 06:37:54', '2017-08-02 06:37:54', '09f6966f-d188-45a9-adae-a42a0356008d');



DROP TABLE IF EXISTS `craft_entryversions`;


--
-- Schema for table `craft_entryversions`
--
CREATE TABLE `craft_entryversions` (
  `id` int(11) NOT NULL AUTO_INCREMENT,
  `entryId` int(11) NOT NULL,
  `sectionId` int(11) NOT NULL,
  `creatorId` int(11) DEFAULT NULL,
  `locale` char(12) COLLATE utf8_unicode_ci NOT NULL,
  `num` smallint(6) unsigned NOT NULL,
  `notes` tinytext COLLATE utf8_unicode_ci,
  `data` mediumtext COLLATE utf8_unicode_ci NOT NULL,
  `dateCreated` datetime NOT NULL,
  `dateUpdated` datetime NOT NULL,
  `uid` char(36) COLLATE utf8_unicode_ci NOT NULL DEFAULT '0',
  PRIMARY KEY (`id`),
  KEY `craft_entryversions_entryId_locale_idx` (`entryId`,`locale`),
  KEY `craft_entryversions_sectionId_fk` (`sectionId`),
  KEY `craft_entryversions_creatorId_fk` (`creatorId`),
  KEY `craft_entryversions_locale_fk` (`locale`)
) ENGINE=InnoDB AUTO_INCREMENT=18 DEFAULT CHARSET=utf8 COLLATE=utf8_unicode_ci;

--
-- Data for table `craft_entryversions`
--

INSERT INTO `craft_entryversions` (`id`, `entryId`, `sectionId`, `creatorId`, `locale`, `num`, `notes`, `data`, `dateCreated`, `dateUpdated`, `uid`) VALUES
 ('1', '2', '1', '1', 'en_us', '1', NULL, '{\"typeId\":\"1\",\"authorId\":null,\"title\":\"Homepage\",\"slug\":\"homepage\",\"postDate\":1501566327,\"expiryDate\":null,\"enabled\":1,\"parentId\":null,\"fields\":[]}', '2017-08-01 05:45:27', '2017-08-01 05:45:27', '8988fb6e-62e2-46f4-b50d-6f1d3c194f48'),
 ('2', '2', '1', '1', 'en_us', '2', NULL, '{\"typeId\":null,\"authorId\":null,\"title\":\"Welcome to Localhost!\",\"slug\":\"homepage\",\"postDate\":1501566327,\"expiryDate\":null,\"enabled\":\"1\",\"parentId\":null,\"fields\":{\"1\":\"<p>It\\u2019s true, this site doesn\\u2019t have a whole lot of content yet, but don\\u2019t worry. Our web developers have just installed the CMS, and they\\u2019re setting things up for the content editors this very moment. Soon Localhost will be an oasis of fresh perspectives, sharp analyses, and astute opinions that will keep you coming back again and again.<\\/p>\"}}', '2017-08-01 05:45:27', '2017-08-01 05:45:27', 'c3b0d1db-1cfe-4a1f-b15d-4d13438c682d'),
 ('3', '3', '2', '1', 'en_us', '1', NULL, '{\"typeId\":\"2\",\"authorId\":\"1\",\"title\":\"We just installed Craft!\",\"slug\":\"we-just-installed-craft\",\"postDate\":1501566327,\"expiryDate\":null,\"enabled\":1,\"parentId\":null,\"fields\":[]}', '2017-08-01 05:45:27', '2017-08-01 05:45:27', '5a6f0372-5570-494d-96bb-afdde4dbcd39'),
 ('4', '4', '3', '1', 'en_us', '1', '', '{\"typeId\":null,\"authorId\":\"1\",\"title\":\"Flexible Landing Page\",\"slug\":\"flexible-landing-page\",\"postDate\":1501567407,\"expiryDate\":null,\"enabled\":1,\"parentId\":\"\",\"fields\":{\"5\":\"\",\"6\":\"\",\"4\":\"\",\"3\":\"\"}}', '2017-08-01 06:03:27', '2017-08-01 06:03:27', 'dff37cd5-3a7f-43cc-93bd-00095a351417'),
 ('5', '4', '3', '1', 'en_us', '2', '', '{\"typeId\":\"3\",\"authorId\":\"1\",\"title\":\"Flexible Landing Page\",\"slug\":\"flexible-landing-page\",\"postDate\":1501567380,\"expiryDate\":null,\"enabled\":1,\"parentId\":\"\",\"fields\":{\"5\":\"Get a Quote\",\"6\":\"#\",\"4\":\"A simple and modern one page business theme for your company\",\"3\":[\"5\"]}}', '2017-08-01 06:26:45', '2017-08-01 06:26:45', '8592c7a9-e9fd-4bf2-b319-b33571ba673f'),
 ('6', '7', '3', '1', 'en_us', '1', '', '{\"typeId\":\"4\",\"authorId\":\"1\",\"title\":\"Responsiveness - you bet\",\"slug\":\"responsiveness-you-bet\",\"postDate\":1501569703,\"expiryDate\":null,\"enabled\":1,\"parentId\":\"\",\"fields\":{\"1\":\"<p>Pellentesque habitant morbi tristique senectus et netus et malesuada fames ac turpis egestas. Vestibulum tortor quam, feugiat vitae, ultricies eget, tempor sit amet, ante. Donec eu libero sit amet quam egestas semper. Aenean ultricies mi vitae est. Mauris placerat eleifend leo.<\\/p>\",\"7\":[\"6\"]}}', '2017-08-01 06:41:43', '2017-08-01 06:41:43', '756bcf85-f4f2-4293-b3b0-2bb0ef7badc0'),
 ('7', '9', '3', '1', 'en_us', '1', '', '{\"typeId\":\"4\",\"authorId\":\"1\",\"title\":\"Easily changing colors\",\"slug\":\"easily-changing-colors\",\"postDate\":1501569743,\"expiryDate\":null,\"enabled\":1,\"parentId\":\"\",\"fields\":{\"1\":\"<p>Pellentesque habitant morbi tristique senectus et netus et malesuada fames ac turpis egestas. Vestibulum tortor quam, feugiat vitae, ultricies eget, tempor sit amet, ante. Donec eu libero sit amet quam egestas semper. Aenean ultricies mi vitae est. Mauris placerat eleifend leo.<\\/p>\",\"7\":[\"8\"]}}', '2017-08-01 06:42:23', '2017-08-01 06:42:23', 'e01ce261-7020-4adf-95fe-6482306fcf02'),
 ('8', '4', '3', '1', 'en_us', '3', '', '{\"typeId\":\"3\",\"authorId\":\"1\",\"title\":\"It\'s time to letgo!\",\"slug\":\"flexible-landing-page\",\"postDate\":1501567380,\"expiryDate\":null,\"enabled\":1,\"parentId\":\"\",\"fields\":{\"5\":\"Sell your shit\",\"6\":\"#\",\"4\":\"A simple and modern one page business theme for your company\",\"3\":[\"5\"]}}', '2017-08-01 18:00:04', '2017-08-01 18:00:04', '9d9325bf-04b2-4276-a86b-c46ed934b70a'),
 ('9', '2', '1', '1', 'en_us', '3', '', '{\"typeId\":null,\"authorId\":null,\"title\":\"Welcome to Localhost!\",\"slug\":\"homepage\",\"postDate\":1501566327,\"expiryDate\":null,\"enabled\":1,\"parentId\":null,\"fields\":{\"1\":\"<p>It\\u2019s true, this site doesn\\u2019t have a whole lot of content yet, but don\\u2019t worry. Our web developers have just installed the CMS, and they\\u2019re setting things up for the content editors this very moment. Soon Localhost will be an oasis of fresh perspectives, sharp analyses, and astute opinions that will keep you coming back again and again.<\\/p>\"}}', '2017-08-01 18:07:43', '2017-08-01 18:07:43', 'f336c0ee-0d3f-4b13-82b5-56aed856990c'),
 ('10', '10', '3', '1', 'en_us', '1', '', '{\"typeId\":\"5\",\"authorId\":\"1\",\"title\":\"Personal\",\"slug\":\"personal\",\"postDate\":1501654296,\"expiryDate\":null,\"enabled\":1,\"parentId\":\"\",\"fields\":{\"9\":\"\",\"11\":\"<p><span><\\/span><span><\\/span>No minimum or setup fees<\\/p><ul><li>24 hours free support<\\/li><li>Money back guarantee<\\/li><li>7 features installed<\\/li><\\/ul>\",\"8\":\"fa-user\",\"10\":\"29\"}}', '2017-08-02 06:11:36', '2017-08-02 06:11:36', 'bd2b91a6-9732-461a-a850-7aa917b6952c'),
 ('11', '11', '3', '1', 'en_us', '1', '', '{\"typeId\":\"5\",\"authorId\":\"1\",\"title\":\"Small Team\",\"slug\":\"small-team\",\"postDate\":1501654327,\"expiryDate\":null,\"enabled\":1,\"parentId\":\"\",\"fields\":{\"9\":\"\",\"11\":\"<ul><li>Corporate<\\/li><li>24\\/7 support<\\/li><li>New updates included<\\/li><li>Awesome widgets installed<\\/li><\\/ul><p><\\/p>\",\"8\":\"fa-users\",\"10\":\"39\"}}', '2017-08-02 06:12:07', '2017-08-02 06:12:07', 'ff1dc44e-f51a-4a55-8b9c-ae26c78c6e13'),
 ('12', '12', '3', '1', 'en_us', '1', '', '{\"typeId\":\"5\",\"authorId\":\"1\",\"title\":\"Enterprise\",\"slug\":\"enterprise\",\"postDate\":1501654368,\"expiryDate\":null,\"enabled\":1,\"parentId\":\"\",\"fields\":{\"9\":\"\",\"11\":\"<ul><li>No minimum or setup fees<\\/li><li>24 hours free support<\\/li><li>Money back guarantee<\\/li><li>7 features installed<\\/li><\\/ul><p><\\/p>\",\"8\":\"fa-bank\",\"10\":\"49\"}}', '2017-08-02 06:12:48', '2017-08-02 06:12:48', '42ebe24b-e51d-4406-a9bf-6ab3088b2486'),
 ('13', '13', '3', '1', 'en_us', '1', '', '{\"typeId\":\"5\",\"authorId\":\"1\",\"title\":\"Corporate\",\"slug\":\"corporate\",\"postDate\":1501654403,\"expiryDate\":null,\"enabled\":1,\"parentId\":\"\",\"fields\":{\"9\":\"\",\"11\":\"<ul><li>No minimum or setup fees<\\/li><li>24 hours free support<\\/li><li>Money back guarantee<\\/li><li>7 features installed<\\/li><\\/ul><p><\\/p>\",\"8\":\"fa-briefcase\",\"10\":\"59\"}}', '2017-08-02 06:13:23', '2017-08-02 06:13:23', '51aee71b-adc3-40ec-a39f-6209ed4a8f8a'),
 ('14', '10', '3', '1', 'en_us', '2', '', '{\"typeId\":\"5\",\"authorId\":\"1\",\"title\":\"Personal\",\"slug\":\"personal\",\"postDate\":1501654260,\"expiryDate\":null,\"enabled\":1,\"parentId\":\"\",\"fields\":{\"9\":\"\",\"11\":\"<ul><li>No minimum or setup fees<\\/li><li>24 hours free support<\\/li><li>Money back guarantee<\\/li><li>7 features installed<\\/li><\\/ul><p><br><\\/p>\",\"8\":\"fa-user\",\"10\":\"29\"}}', '2017-08-02 06:13:47', '2017-08-02 06:13:47', '17381f73-025f-49ac-94fc-46023dcbf3f3'),
 ('15', '10', '3', '1', 'en_us', '3', '', '{\"typeId\":\"5\",\"authorId\":\"1\",\"title\":\"Personal\",\"slug\":\"personal\",\"postDate\":1501654260,\"expiryDate\":null,\"enabled\":1,\"parentId\":\"\",\"fields\":{\"9\":\"\",\"11\":\"<ul><li>No minimum or setup fees<\\/li><li>24 hours free support<\\/li><li>Money back guarantee<\\/li><li>7 features installed<\\/li><\\/ul>\",\"8\":\"fa-user\",\"10\":\"29\"}}', '2017-08-02 06:26:05', '2017-08-02 06:26:05', 'b396fc87-ba7a-411e-834d-cfb4acb478c4'),
 ('16', '15', '3', '1', 'en_us', '1', '', '{\"typeId\":\"6\",\"authorId\":\"1\",\"title\":\"Simple and effective landing page\",\"slug\":\"simple-and-effective-landing-page\",\"postDate\":1501655391,\"expiryDate\":null,\"enabled\":1,\"parentId\":\"\",\"fields\":{\"5\":\"letgo\",\"6\":\"#\",\"4\":\"See how Flexible can become your perfect website.  CALL TO ACTION\",\"3\":[\"14\"]}}', '2017-08-02 06:29:51', '2017-08-02 06:29:51', '2e7a2e6b-f3eb-4852-a0bd-9f1f9edf0c35'),
 ('17', '16', '3', '1', 'en_us', '1', '', '{\"typeId\":\"7\",\"authorId\":\"1\",\"title\":\"Footer Two\",\"slug\":\"footer-two\",\"postDate\":1501656018,\"expiryDate\":null,\"enabled\":1,\"parentId\":\"\",\"fields\":{\"12\":\"\\u00a9 Copyright 2016 Flexible. All rights reserved.\",\"13\":{\"new1\":{\"type\":\"socialIcon\",\"enabled\":\"1\",\"fields\":{\"fontAwesomeIcon\":\"fa-twitter\",\"socialMediaUrl\":\"https:\\/\\/www.twitter.com\"}},\"new2\":{\"type\":\"socialIcon\",\"enabled\":\"1\",\"fields\":{\"fontAwesomeIcon\":\"fa-facebook\",\"socialMediaUrl\":\"https:\\/\\/www.facebook.com\"}}}}}', '2017-08-02 06:40:18', '2017-08-02 06:40:18', 'd1ea7e96-5c1d-427a-96bf-77cc45b7177e');



DROP TABLE IF EXISTS `craft_fieldgroups`;


--
-- Schema for table `craft_fieldgroups`
--
CREATE TABLE `craft_fieldgroups` (
  `id` int(11) NOT NULL AUTO_INCREMENT,
  `name` varchar(255) COLLATE utf8_unicode_ci NOT NULL,
  `dateCreated` datetime NOT NULL,
  `dateUpdated` datetime NOT NULL,
  `uid` char(36) COLLATE utf8_unicode_ci NOT NULL DEFAULT '0',
  PRIMARY KEY (`id`),
  UNIQUE KEY `craft_fieldgroups_name_unq_idx` (`name`)
) ENGINE=InnoDB AUTO_INCREMENT=6 DEFAULT CHARSET=utf8 COLLATE=utf8_unicode_ci;

--
-- Data for table `craft_fieldgroups`
--

INSERT INTO `craft_fieldgroups` (`id`, `name`, `dateCreated`, `dateUpdated`, `uid`) VALUES
 ('1', 'Default', '2017-08-01 05:45:27', '2017-08-01 05:45:27', '03148de4-d0e2-4303-b63e-04df3c0ad571'),
 ('2', 'Hero Panel', '2017-08-01 05:55:51', '2017-08-01 05:55:51', '7ffb8a40-c2e3-4289-bb5f-d47e88249f7d'),
 ('3', 'Features Panel', '2017-08-01 06:38:06', '2017-08-01 06:38:06', '0f88f889-2084-4f74-b0cc-a9708b76fd92'),
 ('4', 'Pricing Panel', '2017-08-02 06:05:11', '2017-08-02 06:05:11', 'bd5839df-cb9a-4b3e-9a15-d9bd30748f13'),
 ('5', 'Footer Two Panel', '2017-08-02 06:33:53', '2017-08-02 06:33:53', 'f809a1e1-0beb-4919-972b-0baa49da3130');



DROP TABLE IF EXISTS `craft_fieldlayoutfields`;


--
-- Schema for table `craft_fieldlayoutfields`
--
CREATE TABLE `craft_fieldlayoutfields` (
  `id` int(11) NOT NULL AUTO_INCREMENT,
  `layoutId` int(11) NOT NULL,
  `tabId` int(11) NOT NULL,
  `fieldId` int(11) NOT NULL,
  `required` tinyint(1) unsigned NOT NULL DEFAULT '0',
  `sortOrder` smallint(6) unsigned DEFAULT NULL,
  `dateCreated` datetime NOT NULL,
  `dateUpdated` datetime NOT NULL,
  `uid` char(36) COLLATE utf8_unicode_ci NOT NULL DEFAULT '0',
  PRIMARY KEY (`id`),
  UNIQUE KEY `craft_fieldlayoutfields_layoutId_fieldId_unq_idx` (`layoutId`,`fieldId`),
  KEY `craft_fieldlayoutfields_sortOrder_idx` (`sortOrder`),
  KEY `craft_fieldlayoutfields_tabId_fk` (`tabId`),
  KEY `craft_fieldlayoutfields_fieldId_fk` (`fieldId`)
) ENGINE=InnoDB AUTO_INCREMENT=22 DEFAULT CHARSET=utf8 COLLATE=utf8_unicode_ci;

--
-- Data for table `craft_fieldlayoutfields`
--

INSERT INTO `craft_fieldlayoutfields` (`id`, `layoutId`, `tabId`, `fieldId`, `required`, `sortOrder`, `dateCreated`, `dateUpdated`, `uid`) VALUES
 ('1', '3', '1', '1', '1', '1', '2017-08-01 05:45:27', '2017-08-01 05:45:27', '227ee0b6-606d-4ddc-b673-bbafd1dbf281'),
 ('2', '5', '2', '1', '1', '1', '2017-08-01 05:45:27', '2017-08-01 05:45:27', '5db18369-36af-474c-8467-5751b430cf24'),
 ('3', '5', '2', '2', '0', '2', '2017-08-01 05:45:27', '2017-08-01 05:45:27', '88010198-3e8a-415d-b35e-c88d05def1ca'),
 ('4', '8', '3', '3', '0', '1', '2017-08-01 05:59:13', '2017-08-01 05:59:13', '3593e916-0de0-4e47-91c6-878af07a8766'),
 ('5', '8', '3', '4', '0', '2', '2017-08-01 05:59:13', '2017-08-01 05:59:13', '9b5ef51b-66cb-44cd-9664-b161e0c09b86'),
 ('6', '8', '3', '5', '0', '3', '2017-08-01 05:59:13', '2017-08-01 05:59:13', '92b89fa6-53e7-40d5-8d5f-57e17514787b'),
 ('7', '8', '3', '6', '0', '4', '2017-08-01 05:59:13', '2017-08-01 05:59:13', '22ed46e0-a966-44a0-980c-03fa5ba0d941'),
 ('8', '15', '4', '1', '0', '1', '2017-08-01 06:39:38', '2017-08-01 06:39:38', 'f8f050b7-6525-41cb-8e5d-d8f5d5100064'),
 ('9', '15', '4', '7', '0', '2', '2017-08-01 06:39:38', '2017-08-01 06:39:38', 'a790c4ca-91b1-41f5-8ac3-55a0c85f6450'),
 ('10', '16', '5', '8', '0', '1', '2017-08-02 06:09:13', '2017-08-02 06:09:13', '6c70857f-88ca-401c-8b77-8dd3e8a9775f'),
 ('11', '16', '5', '9', '0', '2', '2017-08-02 06:09:13', '2017-08-02 06:09:13', '8d277d82-30a7-41a6-ba18-9729d230724e'),
 ('12', '16', '5', '10', '0', '3', '2017-08-02 06:09:13', '2017-08-02 06:09:13', '3d5a78a7-d70a-4dd7-9a52-49c65cdfec5c'),
 ('13', '16', '5', '11', '0', '4', '2017-08-02 06:09:13', '2017-08-02 06:09:13', '474c2575-828d-47db-82b3-503b91611cbb'),
 ('14', '17', '6', '3', '0', '1', '2017-08-02 06:28:14', '2017-08-02 06:28:14', 'f921e339-30dc-475a-b337-b0a19f8810a6'),
 ('15', '17', '6', '4', '0', '2', '2017-08-02 06:28:14', '2017-08-02 06:28:14', 'f8707384-86e1-433b-a1aa-57e436f50804'),
 ('16', '17', '6', '5', '0', '3', '2017-08-02 06:28:14', '2017-08-02 06:28:14', 'f6cf80b2-c00b-4a20-b00c-de2766d8de0d'),
 ('17', '17', '6', '6', '0', '4', '2017-08-02 06:28:14', '2017-08-02 06:28:14', 'c0430ca4-0b90-4bcb-a0c3-91db6fbb678b'),
 ('18', '18', '7', '14', '0', '1', '2017-08-02 06:36:21', '2017-08-02 06:36:21', 'b7db054a-f504-4fc2-93bf-0e9829ad2496'),
 ('19', '18', '7', '15', '0', '2', '2017-08-02 06:36:21', '2017-08-02 06:36:21', '87a3693a-b46e-4eac-bd42-8d5b11f5eebc'),
 ('20', '19', '8', '12', '0', '1', '2017-08-02 06:37:54', '2017-08-02 06:37:54', 'ddd3540a-0550-461f-92dc-35eb21e390da'),
 ('21', '19', '8', '13', '0', '2', '2017-08-02 06:37:54', '2017-08-02 06:37:54', 'b56855e5-24a9-43d8-a994-f18d0f9912f4');



DROP TABLE IF EXISTS `craft_fieldlayouts`;


--
-- Schema for table `craft_fieldlayouts`
--
CREATE TABLE `craft_fieldlayouts` (
  `id` int(11) NOT NULL AUTO_INCREMENT,
  `type` varchar(150) COLLATE utf8_unicode_ci NOT NULL,
  `dateCreated` datetime NOT NULL,
  `dateUpdated` datetime NOT NULL,
  `uid` char(36) COLLATE utf8_unicode_ci NOT NULL DEFAULT '0',
  PRIMARY KEY (`id`),
  KEY `craft_fieldlayouts_type_idx` (`type`)
) ENGINE=InnoDB AUTO_INCREMENT=20 DEFAULT CHARSET=utf8 COLLATE=utf8_unicode_ci;

--
-- Data for table `craft_fieldlayouts`
--

INSERT INTO `craft_fieldlayouts` (`id`, `type`, `dateCreated`, `dateUpdated`, `uid`) VALUES
 ('1', 'Tag', '2017-08-01 05:45:27', '2017-08-01 05:45:27', '2ba674bb-522d-402b-87b0-41d80ba7a230'),
 ('3', 'Entry', '2017-08-01 05:45:27', '2017-08-01 05:45:27', '2fd1bb51-e2ef-4061-b274-453c5df92f63'),
 ('5', 'Entry', '2017-08-01 05:45:27', '2017-08-01 05:45:27', 'cb86061e-c09e-4b4b-b4af-581908d2d722'),
 ('8', 'Entry', '2017-08-01 05:59:13', '2017-08-01 05:59:13', 'a59d091e-3a95-4d47-be60-00b797be3cc6'),
 ('12', 'Asset', '2017-08-01 06:11:29', '2017-08-01 06:11:29', '4ce1b0b4-184a-469a-ac7c-628016194af3'),
 ('13', 'Asset', '2017-08-01 06:16:43', '2017-08-01 06:16:43', '469195ba-1dfd-4de8-b2b2-642cdb6cbd42'),
 ('14', 'Asset', '2017-08-01 06:37:46', '2017-08-01 06:37:46', 'acda01c1-5cd0-42c0-8695-504c6a2d151c'),
 ('15', 'Entry', '2017-08-01 06:39:38', '2017-08-01 06:39:38', '31e3270c-1d32-4e0f-865f-e6b1c07690ae'),
 ('16', 'Entry', '2017-08-02 06:09:13', '2017-08-02 06:09:13', '0ee932e7-2e98-4485-a1a4-57f456d393d8'),
 ('17', 'Entry', '2017-08-02 06:28:14', '2017-08-02 06:28:14', 'feecdc81-2e11-4d8d-af09-69618973af8d'),
 ('18', 'MatrixBlock', '2017-08-02 06:36:21', '2017-08-02 06:36:21', '4b7f1862-c4d2-49a3-96a2-b1831efb810f'),
 ('19', 'Entry', '2017-08-02 06:37:54', '2017-08-02 06:37:54', '6feb92fe-b115-448b-b374-9c75e2616ee6');



DROP TABLE IF EXISTS `craft_fieldlayouttabs`;


--
-- Schema for table `craft_fieldlayouttabs`
--
CREATE TABLE `craft_fieldlayouttabs` (
  `id` int(11) NOT NULL AUTO_INCREMENT,
  `layoutId` int(11) NOT NULL,
  `name` varchar(255) COLLATE utf8_unicode_ci NOT NULL,
  `sortOrder` smallint(6) unsigned DEFAULT NULL,
  `dateCreated` datetime NOT NULL,
  `dateUpdated` datetime NOT NULL,
  `uid` char(36) COLLATE utf8_unicode_ci NOT NULL DEFAULT '0',
  PRIMARY KEY (`id`),
  KEY `craft_fieldlayouttabs_sortOrder_idx` (`sortOrder`),
  KEY `craft_fieldlayouttabs_layoutId_fk` (`layoutId`)
) ENGINE=InnoDB AUTO_INCREMENT=9 DEFAULT CHARSET=utf8 COLLATE=utf8_unicode_ci;

--
-- Data for table `craft_fieldlayouttabs`
--

INSERT INTO `craft_fieldlayouttabs` (`id`, `layoutId`, `name`, `sortOrder`, `dateCreated`, `dateUpdated`, `uid`) VALUES
 ('1', '3', 'Content', '1', '2017-08-01 05:45:27', '2017-08-01 05:45:27', '724b1043-3fdf-4d63-9dbb-fcfae4e0253f'),
 ('2', '5', 'Content', '1', '2017-08-01 05:45:27', '2017-08-01 05:45:27', 'd5f64875-9256-48a4-93a2-fc555bbeb278'),
 ('3', '8', 'Hero Panel', '1', '2017-08-01 05:59:13', '2017-08-01 05:59:13', '9dd23e17-84d8-41d5-837e-0f0e867a5f97'),
 ('4', '15', 'Feature', '1', '2017-08-01 06:39:38', '2017-08-01 06:39:38', 'd40212e9-6f28-40a7-a4f5-bb9148f89aee'),
 ('5', '16', 'Pricing', '1', '2017-08-02 06:09:13', '2017-08-02 06:09:13', '516645a4-c365-4efa-81b0-79953941725a'),
 ('6', '17', 'Footer One', '1', '2017-08-02 06:28:14', '2017-08-02 06:28:14', '97a6d70d-600f-439c-aab9-d82215a196d6'),
 ('7', '18', 'Content', '1', '2017-08-02 06:36:21', '2017-08-02 06:36:21', 'e5bbf74d-73cd-4804-8aa5-878e2eecc5bb'),
 ('8', '19', 'Footer Two', '1', '2017-08-02 06:37:54', '2017-08-02 06:37:54', '1e33b752-3f25-4994-8342-839ab43bba62');



DROP TABLE IF EXISTS `craft_fields`;


--
-- Schema for table `craft_fields`
--
CREATE TABLE `craft_fields` (
  `id` int(11) NOT NULL AUTO_INCREMENT,
  `groupId` int(11) DEFAULT NULL,
  `name` varchar(255) COLLATE utf8_unicode_ci NOT NULL,
  `handle` varchar(58) COLLATE utf8_unicode_ci NOT NULL,
  `context` varchar(255) COLLATE utf8_unicode_ci NOT NULL DEFAULT 'global',
  `instructions` text COLLATE utf8_unicode_ci,
  `translatable` tinyint(1) unsigned NOT NULL DEFAULT '0',
  `type` varchar(150) COLLATE utf8_unicode_ci NOT NULL,
  `settings` text COLLATE utf8_unicode_ci,
  `dateCreated` datetime NOT NULL,
  `dateUpdated` datetime NOT NULL,
  `uid` char(36) COLLATE utf8_unicode_ci NOT NULL DEFAULT '0',
  PRIMARY KEY (`id`),
  UNIQUE KEY `craft_fields_handle_context_unq_idx` (`handle`,`context`),
  KEY `craft_fields_context_idx` (`context`),
  KEY `craft_fields_groupId_fk` (`groupId`)
) ENGINE=InnoDB AUTO_INCREMENT=16 DEFAULT CHARSET=utf8 COLLATE=utf8_unicode_ci;

--
-- Data for table `craft_fields`
--

INSERT INTO `craft_fields` (`id`, `groupId`, `name`, `handle`, `context`, `instructions`, `translatable`, `type`, `settings`, `dateCreated`, `dateUpdated`, `uid`) VALUES
 ('1', '1', 'Body', 'body', 'global', NULL, '1', 'RichText', '{\"configFile\":\"Standard.json\",\"columnType\":\"text\"}', '2017-08-01 05:45:27', '2017-08-01 05:45:27', '337f7f18-3851-4579-8317-6d80c01f6931'),
 ('2', '1', 'Tags', 'tags', 'global', NULL, '0', 'Tags', '{\"source\":\"taggroup:1\"}', '2017-08-01 05:45:27', '2017-08-01 05:45:27', '1fac767f-bb88-4200-ab39-8de11c0151d1'),
 ('3', '2', 'Hero Image', 'heroImage', 'global', '', '0', 'Assets', '{\"useSingleFolder\":\"1\",\"sources\":\"\",\"defaultUploadLocationSource\":\"2\",\"defaultUploadLocationSubpath\":\"\",\"singleUploadLocationSource\":\"2\",\"singleUploadLocationSubpath\":\"\",\"restrictFiles\":\"\",\"limit\":\"1\",\"viewMode\":\"large\",\"selectionLabel\":\"\"}', '2017-08-01 05:56:50', '2017-08-01 06:26:11', '55be7a38-3549-44c5-b116-88187da1215a'),
 ('4', '2', 'Description', 'description', 'global', '', '0', 'PlainText', '{\"placeholder\":\"\",\"maxLength\":\"\",\"multiline\":\"\",\"initialRows\":\"4\"}', '2017-08-01 05:57:11', '2017-08-01 05:57:11', '390e099e-0f2d-4f6b-bf03-c0e3c8b0815f'),
 ('5', '2', 'Button Text', 'buttonText', 'global', '', '0', 'PlainText', '{\"placeholder\":\"\",\"maxLength\":\"\",\"multiline\":\"\",\"initialRows\":\"4\"}', '2017-08-01 05:57:19', '2017-08-01 05:57:19', '15f152c8-f5cf-4a5c-b97e-e95bdde4ea07'),
 ('6', '2', 'Button Url', 'buttonUrl', 'global', '', '0', 'PlainText', '{\"placeholder\":\"\",\"maxLength\":\"\",\"multiline\":\"\",\"initialRows\":\"4\"}', '2017-08-01 05:57:30', '2017-08-01 05:57:30', '4c580f5e-3a46-40f9-b34f-bb0dd96cc593'),
 ('7', '3', 'Feature Image', 'featureImage', 'global', '', '0', 'Assets', '{\"useSingleFolder\":\"\",\"sources\":[\"folder:3\"],\"defaultUploadLocationSource\":\"3\",\"defaultUploadLocationSubpath\":\"\",\"singleUploadLocationSource\":\"2\",\"singleUploadLocationSubpath\":\"\",\"restrictFiles\":\"\",\"limit\":\"1\",\"viewMode\":\"large\",\"selectionLabel\":\"\"}', '2017-08-01 06:38:43', '2017-08-01 06:38:43', '071f8200-3243-4b07-9409-b8aceabb14cb'),
 ('8', '4', 'Font Awesome Icon', 'fontAwesomeIcon', 'global', 'Choose from http://fontawesome.io/cheatsheet/', '0', 'PlainText', '{\"placeholder\":\"fa-arrow-down\",\"maxLength\":\"\",\"multiline\":\"\",\"initialRows\":\"4\"}', '2017-08-02 06:06:36', '2017-08-02 06:06:36', '0fc6e803-5f5f-40cc-bd51-139bfc1ae3a2'),
 ('9', '4', 'Currency', 'currency', 'global', '', '0', 'PlainText', '{\"placeholder\":\"$\",\"maxLength\":\"\",\"multiline\":\"\",\"initialRows\":\"4\"}', '2017-08-02 06:07:05', '2017-08-02 06:07:05', '7969ab2d-81c5-44e3-a38b-7eb2aee3169a'),
 ('10', '4', 'Price', 'price', 'global', '', '0', 'Number', '{\"min\":\"0\",\"max\":\"\",\"decimals\":\"0\"}', '2017-08-02 06:07:22', '2017-08-02 06:07:22', '931fdf39-66dd-4bd0-8359-650c613db057'),
 ('11', '4', 'Feature List', 'featureList', 'global', 'Please add a bullet list of features', '0', 'RichText', '{\"configFile\":\"\",\"availableAssetSources\":\"\",\"availableTransforms\":\"\",\"cleanupHtml\":\"1\",\"purifyHtml\":\"1\",\"purifierConfig\":\"\",\"columnType\":\"text\"}', '2017-08-02 06:08:17', '2017-08-02 06:08:17', 'e9449ff6-3418-493e-89d3-7d4d72fd4593'),
 ('12', '5', 'Copyright Message', 'copyrightMessage', 'global', '', '0', 'PlainText', '{\"placeholder\":\"\",\"maxLength\":\"\",\"multiline\":\"\",\"initialRows\":\"4\"}', '2017-08-02 06:34:08', '2017-08-02 06:34:08', 'bdd86091-1e41-4c06-a3ff-266c63dd820a'),
 ('13', '5', 'Social Icons', 'socialIcons', 'global', '', '0', 'Matrix', '{\"maxBlocks\":null}', '2017-08-02 06:36:21', '2017-08-02 06:36:21', 'cf09459f-d32c-46be-9679-e93907713f6d'),
 ('14', NULL, 'Font Awesome Icon', 'fontAwesomeIcon', 'matrixBlockType:1', 'Choose from http://fontawesome.io/cheatsheet', '0', 'PlainText', '{\"placeholder\":\"\",\"maxLength\":\"\",\"multiline\":\"\",\"initialRows\":\"4\"}', '2017-08-02 06:36:21', '2017-08-02 06:36:21', '6585ef19-22f2-4e95-8ec9-0305f6101f89'),
 ('15', NULL, 'Social Media URL', 'socialMediaUrl', 'matrixBlockType:1', 'Add a social media URL, e.g. to your Twitter profile', '0', 'PlainText', '{\"placeholder\":\"\",\"maxLength\":\"\",\"multiline\":\"\",\"initialRows\":\"4\"}', '2017-08-02 06:36:21', '2017-08-02 06:36:21', 'a1e16d75-1b65-46c0-89b3-d64aec7e2081');



DROP TABLE IF EXISTS `craft_globalsets`;


--
-- Schema for table `craft_globalsets`
--
CREATE TABLE `craft_globalsets` (
  `id` int(11) NOT NULL,
  `name` varchar(255) COLLATE utf8_unicode_ci NOT NULL,
  `handle` varchar(255) COLLATE utf8_unicode_ci NOT NULL,
  `fieldLayoutId` int(10) DEFAULT NULL,
  `dateCreated` datetime NOT NULL,
  `dateUpdated` datetime NOT NULL,
  `uid` char(36) COLLATE utf8_unicode_ci NOT NULL DEFAULT '0',
  PRIMARY KEY (`id`),
  UNIQUE KEY `craft_globalsets_name_unq_idx` (`name`),
  UNIQUE KEY `craft_globalsets_handle_unq_idx` (`handle`),
  KEY `craft_globalsets_fieldLayoutId_fk` (`fieldLayoutId`)
) ENGINE=InnoDB DEFAULT CHARSET=utf8 COLLATE=utf8_unicode_ci;

DROP TABLE IF EXISTS `craft_info`;


--
-- Schema for table `craft_info`
--
CREATE TABLE `craft_info` (
  `id` int(11) NOT NULL AUTO_INCREMENT,
  `version` varchar(50) COLLATE utf8_unicode_ci NOT NULL,
  `schemaVersion` varchar(15) COLLATE utf8_unicode_ci NOT NULL,
  `edition` tinyint(1) unsigned NOT NULL DEFAULT '0',
  `siteName` varchar(100) COLLATE utf8_unicode_ci NOT NULL,
  `siteUrl` varchar(255) COLLATE utf8_unicode_ci NOT NULL,
  `timezone` varchar(30) COLLATE utf8_unicode_ci DEFAULT NULL,
  `on` tinyint(1) unsigned NOT NULL DEFAULT '0',
  `maintenance` tinyint(1) unsigned NOT NULL DEFAULT '0',
  `dateCreated` datetime NOT NULL,
  `dateUpdated` datetime NOT NULL,
  `uid` char(36) COLLATE utf8_unicode_ci NOT NULL DEFAULT '0',
  PRIMARY KEY (`id`)
) ENGINE=InnoDB AUTO_INCREMENT=2 DEFAULT CHARSET=utf8 COLLATE=utf8_unicode_ci;

--
-- Data for table `craft_info`
--

INSERT INTO `craft_info` (`id`, `version`, `schemaVersion`, `edition`, `siteName`, `siteUrl`, `timezone`, `on`, `maintenance`, `dateCreated`, `dateUpdated`, `uid`) VALUES
 ('1', '2.6.2988', '2.6.10', '2', 'Craft Tutorial', 'http://localhost:8888', 'UTC', '1', '0', '2017-08-01 05:45:22', '2017-08-09 19:40:16', 'a857a809-dcbc-4322-a066-20589906602e');



DROP TABLE IF EXISTS `craft_locales`;


--
-- Schema for table `craft_locales`
--
CREATE TABLE `craft_locales` (
  `locale` char(12) COLLATE utf8_unicode_ci NOT NULL,
  `sortOrder` smallint(6) unsigned DEFAULT NULL,
  `dateCreated` datetime NOT NULL,
  `dateUpdated` datetime NOT NULL,
  `uid` char(36) COLLATE utf8_unicode_ci NOT NULL DEFAULT '0',
  PRIMARY KEY (`locale`),
  KEY `craft_locales_sortOrder_idx` (`sortOrder`)
) ENGINE=InnoDB DEFAULT CHARSET=utf8 COLLATE=utf8_unicode_ci;

--
-- Data for table `craft_locales`
--

INSERT INTO `craft_locales` (`locale`, `sortOrder`, `dateCreated`, `dateUpdated`, `uid`) VALUES
 ('en_us', '1', '2017-08-01 05:45:22', '2017-08-01 05:45:22', 'bb24fd0a-2da2-4d74-88fa-fc50b787a9cc'),
 ('es_us', '2', '2017-08-09 19:41:02', '2017-08-09 19:41:02', '86b02d60-a621-4c90-9bef-d54678f93146');



DROP TABLE IF EXISTS `craft_matrixblocks`;


--
-- Schema for table `craft_matrixblocks`
--
CREATE TABLE `craft_matrixblocks` (
  `id` int(11) NOT NULL,
  `ownerId` int(11) NOT NULL,
  `fieldId` int(11) NOT NULL,
  `typeId` int(11) DEFAULT NULL,
  `sortOrder` smallint(6) unsigned DEFAULT NULL,
  `ownerLocale` char(12) COLLATE utf8_unicode_ci DEFAULT NULL,
  `dateCreated` datetime NOT NULL,
  `dateUpdated` datetime NOT NULL,
  `uid` char(36) COLLATE utf8_unicode_ci NOT NULL DEFAULT '0',
  PRIMARY KEY (`id`),
  KEY `craft_matrixblocks_ownerId_idx` (`ownerId`),
  KEY `craft_matrixblocks_fieldId_idx` (`fieldId`),
  KEY `craft_matrixblocks_typeId_idx` (`typeId`),
  KEY `craft_matrixblocks_sortOrder_idx` (`sortOrder`),
  KEY `craft_matrixblocks_ownerLocale_fk` (`ownerLocale`)
) ENGINE=InnoDB DEFAULT CHARSET=utf8 COLLATE=utf8_unicode_ci;

--
-- Data for table `craft_matrixblocks`
--

INSERT INTO `craft_matrixblocks` (`id`, `ownerId`, `fieldId`, `typeId`, `sortOrder`, `ownerLocale`, `dateCreated`, `dateUpdated`, `uid`) VALUES
 ('17', '16', '13', '1', '1', NULL, '2017-08-02 06:40:18', '2017-08-02 06:40:18', '39a0846d-a159-49ba-883a-91dba3ead3a6'),
 ('18', '16', '13', '1', '2', NULL, '2017-08-02 06:40:18', '2017-08-02 06:40:18', 'a25a1681-723b-4ebf-87aa-73f92f942a94');



DROP TABLE IF EXISTS `craft_matrixblocktypes`;


--
-- Schema for table `craft_matrixblocktypes`
--
CREATE TABLE `craft_matrixblocktypes` (
  `id` int(11) NOT NULL AUTO_INCREMENT,
  `fieldId` int(11) NOT NULL,
  `fieldLayoutId` int(11) DEFAULT NULL,
  `name` varchar(255) COLLATE utf8_unicode_ci NOT NULL,
  `handle` varchar(255) COLLATE utf8_unicode_ci NOT NULL,
  `sortOrder` smallint(6) unsigned DEFAULT NULL,
  `dateCreated` datetime NOT NULL,
  `dateUpdated` datetime NOT NULL,
  `uid` char(36) COLLATE utf8_unicode_ci NOT NULL DEFAULT '0',
  PRIMARY KEY (`id`),
  UNIQUE KEY `craft_matrixblocktypes_name_fieldId_unq_idx` (`name`,`fieldId`),
  UNIQUE KEY `craft_matrixblocktypes_handle_fieldId_unq_idx` (`handle`,`fieldId`),
  KEY `craft_matrixblocktypes_fieldId_fk` (`fieldId`),
  KEY `craft_matrixblocktypes_fieldLayoutId_fk` (`fieldLayoutId`)
) ENGINE=InnoDB AUTO_INCREMENT=2 DEFAULT CHARSET=utf8 COLLATE=utf8_unicode_ci;

--
-- Data for table `craft_matrixblocktypes`
--

INSERT INTO `craft_matrixblocktypes` (`id`, `fieldId`, `fieldLayoutId`, `name`, `handle`, `sortOrder`, `dateCreated`, `dateUpdated`, `uid`) VALUES
 ('1', '13', '18', 'Social Icon', 'socialIcon', '1', '2017-08-02 06:36:21', '2017-08-02 06:36:21', '889d8a79-a876-49b2-8d1c-30bcc9611e55');



DROP TABLE IF EXISTS `craft_matrixcontent_socialicons`;


--
-- Schema for table `craft_matrixcontent_socialicons`
--
CREATE TABLE `craft_matrixcontent_socialicons` (
  `id` int(11) NOT NULL AUTO_INCREMENT,
  `elementId` int(11) NOT NULL,
  `locale` char(12) COLLATE utf8_unicode_ci NOT NULL,
  `field_socialIcon_fontAwesomeIcon` text COLLATE utf8_unicode_ci,
  `field_socialIcon_socialMediaUrl` text COLLATE utf8_unicode_ci,
  `dateCreated` datetime NOT NULL,
  `dateUpdated` datetime NOT NULL,
  `uid` char(36) COLLATE utf8_unicode_ci NOT NULL DEFAULT '0',
  PRIMARY KEY (`id`),
  UNIQUE KEY `craft_matrixcontent_socialicons_elementId_locale_unq_idx` (`elementId`,`locale`),
  KEY `craft_matrixcontent_socialicons_locale_fk` (`locale`)
) ENGINE=InnoDB AUTO_INCREMENT=3 DEFAULT CHARSET=utf8 COLLATE=utf8_unicode_ci;

--
-- Data for table `craft_matrixcontent_socialicons`
--

INSERT INTO `craft_matrixcontent_socialicons` (`id`, `elementId`, `locale`, `field_socialIcon_fontAwesomeIcon`, `field_socialIcon_socialMediaUrl`, `dateCreated`, `dateUpdated`, `uid`) VALUES
 ('1', '17', 'en_us', 'fa-twitter', 'https://www.twitter.com', '2017-08-02 06:40:18', '2017-08-09 19:41:02', '3d3355be-7cbb-42c7-85fd-ed65bc16cda3'),
 ('2', '18', 'en_us', 'fa-facebook', 'https://www.facebook.com', '2017-08-02 06:40:18', '2017-08-09 19:41:02', '6ec3473f-5af8-4263-8ad7-ac4d618d756f');



DROP TABLE IF EXISTS `craft_migrations`;


--
-- Schema for table `craft_migrations`
--
CREATE TABLE `craft_migrations` (
  `id` int(11) NOT NULL AUTO_INCREMENT,
  `pluginId` int(11) DEFAULT NULL,
  `version` varchar(255) COLLATE utf8_unicode_ci NOT NULL,
  `applyTime` datetime NOT NULL,
  `dateCreated` datetime NOT NULL,
  `dateUpdated` datetime NOT NULL,
  `uid` char(36) COLLATE utf8_unicode_ci NOT NULL DEFAULT '0',
  PRIMARY KEY (`id`),
  UNIQUE KEY `craft_migrations_version_unq_idx` (`version`),
  KEY `craft_migrations_pluginId_fk` (`pluginId`)
) ENGINE=InnoDB AUTO_INCREMENT=40 DEFAULT CHARSET=utf8 COLLATE=utf8_unicode_ci;

--
-- Data for table `craft_migrations`
--

INSERT INTO `craft_migrations` (`id`, `pluginId`, `version`, `applyTime`, `dateCreated`, `dateUpdated`, `uid`) VALUES
 ('1', NULL, 'm000000_000000_base', '2017-08-01 05:45:22', '2017-08-01 05:45:22', '2017-08-01 05:45:22', 'ec9a60fe-426d-4854-aabe-2faeb212a08e'),
 ('2', NULL, 'm140730_000001_add_filename_and_format_to_transformindex', '2017-08-01 05:45:22', '2017-08-01 05:45:22', '2017-08-01 05:45:22', '60b6a442-43e6-46e3-a646-bac0f33d7992'),
 ('3', NULL, 'm140815_000001_add_format_to_transforms', '2017-08-01 05:45:22', '2017-08-01 05:45:22', '2017-08-01 05:45:22', '3db3d7ff-d9a9-461e-a4f6-73cd852f6c72'),
 ('4', NULL, 'm140822_000001_allow_more_than_128_items_per_field', '2017-08-01 05:45:22', '2017-08-01 05:45:22', '2017-08-01 05:45:22', 'eec31eb9-458e-479d-bea2-7d5d3cb8b8f0'),
 ('5', NULL, 'm140829_000001_single_title_formats', '2017-08-01 05:45:22', '2017-08-01 05:45:22', '2017-08-01 05:45:22', '71a29263-8eef-4622-9951-b4d8be003a93'),
 ('6', NULL, 'm140831_000001_extended_cache_keys', '2017-08-01 05:45:22', '2017-08-01 05:45:22', '2017-08-01 05:45:22', '9e3f5846-3817-4c92-b64d-ad42a806e57b'),
 ('7', NULL, 'm140922_000001_delete_orphaned_matrix_blocks', '2017-08-01 05:45:22', '2017-08-01 05:45:22', '2017-08-01 05:45:22', '6915b337-9c2a-4982-9ad4-d02600c448d2'),
 ('8', NULL, 'm141008_000001_elements_index_tune', '2017-08-01 05:45:22', '2017-08-01 05:45:22', '2017-08-01 05:45:22', '44537397-bb27-4b7d-b0ca-12d00254916f'),
 ('9', NULL, 'm141009_000001_assets_source_handle', '2017-08-01 05:45:22', '2017-08-01 05:45:22', '2017-08-01 05:45:22', '87c3970d-8a4f-4a4b-82ce-2c70f589dc68'),
 ('10', NULL, 'm141024_000001_field_layout_tabs', '2017-08-01 05:45:22', '2017-08-01 05:45:22', '2017-08-01 05:45:22', '3f3b6530-1668-42fc-856a-e7422fbeba74'),
 ('11', NULL, 'm141030_000000_plugin_schema_versions', '2017-08-01 05:45:22', '2017-08-01 05:45:22', '2017-08-01 05:45:22', '7cec9336-c18f-4d63-8899-5df212dd5303'),
 ('12', NULL, 'm141030_000001_drop_structure_move_permission', '2017-08-01 05:45:22', '2017-08-01 05:45:22', '2017-08-01 05:45:22', '8652b923-f105-446a-8d1e-7a45d95b72b9'),
 ('13', NULL, 'm141103_000001_tag_titles', '2017-08-01 05:45:22', '2017-08-01 05:45:22', '2017-08-01 05:45:22', '19776913-25ea-4279-932d-a0169d5a06f3'),
 ('14', NULL, 'm141109_000001_user_status_shuffle', '2017-08-01 05:45:22', '2017-08-01 05:45:22', '2017-08-01 05:45:22', 'd8bfde05-8919-4c88-863a-c3a108edc8d9'),
 ('15', NULL, 'm141126_000001_user_week_start_day', '2017-08-01 05:45:22', '2017-08-01 05:45:22', '2017-08-01 05:45:22', '1a3f8040-a998-4c68-bb29-aa844f17a032'),
 ('16', NULL, 'm150210_000001_adjust_user_photo_size', '2017-08-01 05:45:22', '2017-08-01 05:45:22', '2017-08-01 05:45:22', '1955f291-c2b6-4cf4-b346-6e31dc87e99b'),
 ('17', NULL, 'm150724_000001_adjust_quality_settings', '2017-08-01 05:45:22', '2017-08-01 05:45:22', '2017-08-01 05:45:22', '987a4a47-36be-4a6f-8881-96bffe753a2b'),
 ('18', NULL, 'm150827_000000_element_index_settings', '2017-08-01 05:45:22', '2017-08-01 05:45:22', '2017-08-01 05:45:22', 'dafa786a-ba8c-403d-bba7-c97853f99ebd'),
 ('19', NULL, 'm150918_000001_add_colspan_to_widgets', '2017-08-01 05:45:22', '2017-08-01 05:45:22', '2017-08-01 05:45:22', '3e2b2037-d21f-4ef1-9f8e-208e718a8eb1'),
 ('20', NULL, 'm151007_000000_clear_asset_caches', '2017-08-01 05:45:22', '2017-08-01 05:45:22', '2017-08-01 05:45:22', 'b7ef922d-972a-400d-a031-d8ce39778768'),
 ('21', NULL, 'm151109_000000_text_url_formats', '2017-08-01 05:45:22', '2017-08-01 05:45:22', '2017-08-01 05:45:22', '0ca16985-0407-483d-b6fe-3eb9597bdc27'),
 ('22', NULL, 'm151110_000000_move_logo', '2017-08-01 05:45:22', '2017-08-01 05:45:22', '2017-08-01 05:45:22', '2d59ffd4-46d4-4951-91eb-f381c0c46c0e'),
 ('23', NULL, 'm151117_000000_adjust_image_widthheight', '2017-08-01 05:45:22', '2017-08-01 05:45:22', '2017-08-01 05:45:22', '3cf48b2d-100a-4a23-bc5a-248706dbcb12'),
 ('24', NULL, 'm151127_000000_clear_license_key_status', '2017-08-01 05:45:22', '2017-08-01 05:45:22', '2017-08-01 05:45:22', '39081873-4ad8-46f3-8579-df57056173b8'),
 ('25', NULL, 'm151127_000000_plugin_license_keys', '2017-08-01 05:45:22', '2017-08-01 05:45:22', '2017-08-01 05:45:22', '83294a6d-2460-4e0d-baa4-e0403830f063'),
 ('26', NULL, 'm151130_000000_update_pt_widget_feeds', '2017-08-01 05:45:22', '2017-08-01 05:45:22', '2017-08-01 05:45:22', '5dfb259d-d3bf-4bbb-bea3-23629e7da30e'),
 ('27', NULL, 'm160114_000000_asset_sources_public_url_default_true', '2017-08-01 05:45:22', '2017-08-01 05:45:22', '2017-08-01 05:45:22', '2467db8f-c6b5-4d6c-aadb-025e292270d1'),
 ('28', NULL, 'm160223_000000_sortorder_to_smallint', '2017-08-01 05:45:22', '2017-08-01 05:45:22', '2017-08-01 05:45:22', '7af9eb82-1081-4ab2-bf9c-1d94944b9dd7'),
 ('29', NULL, 'm160229_000000_set_default_entry_statuses', '2017-08-01 05:45:22', '2017-08-01 05:45:22', '2017-08-01 05:45:22', 'bac2de16-99cd-49b7-a425-f2690f4f6fb5'),
 ('30', NULL, 'm160304_000000_client_permissions', '2017-08-01 05:45:22', '2017-08-01 05:45:22', '2017-08-01 05:45:22', '26d74d80-5743-4f1c-8c61-63e5b302c010'),
 ('31', NULL, 'm160322_000000_asset_filesize', '2017-08-01 05:45:22', '2017-08-01 05:45:22', '2017-08-01 05:45:22', '45163f6b-0b4f-4a01-a5c2-029b2e148f09'),
 ('32', NULL, 'm160503_000000_orphaned_fieldlayouts', '2017-08-01 05:45:22', '2017-08-01 05:45:22', '2017-08-01 05:45:22', '8069416c-2e4e-4e02-b441-95cad66b327b'),
 ('33', NULL, 'm160510_000000_tasksettings', '2017-08-01 05:45:22', '2017-08-01 05:45:22', '2017-08-01 05:45:22', 'a5aa6b59-fd01-4ab2-9672-3110612924e8'),
 ('34', NULL, 'm160829_000000_pending_user_content_cleanup', '2017-08-01 05:45:22', '2017-08-01 05:45:22', '2017-08-01 05:45:22', '1bf5bcb2-5fd2-4cf9-9e31-54ea9d9115fa'),
 ('35', NULL, 'm160830_000000_asset_index_uri_increase', '2017-08-01 05:45:22', '2017-08-01 05:45:22', '2017-08-01 05:45:22', '93bb03a2-9de2-4cd2-b864-4c4438fbcbde'),
 ('36', NULL, 'm160919_000000_usergroup_handle_title_unique', '2017-08-01 05:45:22', '2017-08-01 05:45:22', '2017-08-01 05:45:22', '3e3afad2-46ca-421c-828f-d31d9d9933e6'),
 ('37', NULL, 'm161108_000000_new_version_format', '2017-08-01 05:45:22', '2017-08-01 05:45:22', '2017-08-01 05:45:22', '8cbedaee-878a-4a55-b817-b1e97236552d'),
 ('38', NULL, 'm161109_000000_index_shuffle', '2017-08-01 05:45:22', '2017-08-01 05:45:22', '2017-08-01 05:45:22', '83f6d50b-a155-4fac-82c3-3c0e7f5d7645'),
 ('39', NULL, 'm170612_000000_route_index_shuffle', '2017-08-01 05:45:22', '2017-08-01 05:45:22', '2017-08-01 05:45:22', '42be40a4-6578-4dbc-b46b-ca3ebcf5cbfb');



DROP TABLE IF EXISTS `craft_plugins`;


--
-- Schema for table `craft_plugins`
--
CREATE TABLE `craft_plugins` (
  `id` int(11) NOT NULL AUTO_INCREMENT,
  `class` varchar(150) COLLATE utf8_unicode_ci NOT NULL,
  `version` varchar(15) COLLATE utf8_unicode_ci NOT NULL,
  `schemaVersion` varchar(15) COLLATE utf8_unicode_ci DEFAULT NULL,
  `licenseKey` char(24) COLLATE utf8_unicode_ci DEFAULT NULL,
  `licenseKeyStatus` enum('valid','invalid','mismatched','unknown') COLLATE utf8_unicode_ci NOT NULL DEFAULT 'unknown',
  `enabled` tinyint(1) unsigned NOT NULL DEFAULT '0',
  `settings` text COLLATE utf8_unicode_ci,
  `installDate` datetime NOT NULL,
  `dateCreated` datetime NOT NULL,
  `dateUpdated` datetime NOT NULL,
  `uid` char(36) COLLATE utf8_unicode_ci NOT NULL DEFAULT '0',
  PRIMARY KEY (`id`)
) ENGINE=InnoDB DEFAULT CHARSET=utf8 COLLATE=utf8_unicode_ci;

DROP TABLE IF EXISTS `craft_rackspaceaccess`;


--
-- Schema for table `craft_rackspaceaccess`
--
CREATE TABLE `craft_rackspaceaccess` (
  `id` int(11) NOT NULL AUTO_INCREMENT,
  `connectionKey` varchar(255) COLLATE utf8_unicode_ci NOT NULL,
  `token` varchar(255) COLLATE utf8_unicode_ci NOT NULL,
  `storageUrl` varchar(255) COLLATE utf8_unicode_ci NOT NULL,
  `cdnUrl` varchar(255) COLLATE utf8_unicode_ci NOT NULL,
  `dateCreated` datetime NOT NULL,
  `dateUpdated` datetime NOT NULL,
  `uid` char(36) COLLATE utf8_unicode_ci NOT NULL DEFAULT '0',
  PRIMARY KEY (`id`),
  UNIQUE KEY `craft_rackspaceaccess_connectionKey_unq_idx` (`connectionKey`)
) ENGINE=InnoDB DEFAULT CHARSET=utf8 COLLATE=utf8_unicode_ci;

DROP TABLE IF EXISTS `craft_relations`;


--
-- Schema for table `craft_relations`
--
CREATE TABLE `craft_relations` (
  `id` int(11) NOT NULL AUTO_INCREMENT,
  `fieldId` int(11) NOT NULL,
  `sourceId` int(11) NOT NULL,
  `sourceLocale` char(12) COLLATE utf8_unicode_ci DEFAULT NULL,
  `targetId` int(11) NOT NULL,
  `sortOrder` smallint(6) DEFAULT NULL,
  `dateCreated` datetime NOT NULL,
  `dateUpdated` datetime NOT NULL,
  `uid` char(36) COLLATE utf8_unicode_ci NOT NULL DEFAULT '0',
  PRIMARY KEY (`id`),
  UNIQUE KEY `craft_relations_fieldId_sourceId_sourceLocale_targetId_unq_idx` (`fieldId`,`sourceId`,`sourceLocale`,`targetId`),
  KEY `craft_relations_sourceId_fk` (`sourceId`),
  KEY `craft_relations_sourceLocale_fk` (`sourceLocale`),
  KEY `craft_relations_targetId_fk` (`targetId`)
) ENGINE=InnoDB AUTO_INCREMENT=6 DEFAULT CHARSET=utf8 COLLATE=utf8_unicode_ci;

--
-- Data for table `craft_relations`
--

INSERT INTO `craft_relations` (`id`, `fieldId`, `sourceId`, `sourceLocale`, `targetId`, `sortOrder`, `dateCreated`, `dateUpdated`, `uid`) VALUES
 ('2', '7', '7', NULL, '6', '1', '2017-08-01 06:41:43', '2017-08-01 06:41:43', '153df063-f7c6-4b37-8934-f1e0cb873528'),
 ('3', '7', '9', NULL, '8', '1', '2017-08-01 06:42:23', '2017-08-01 06:42:23', 'f2a3acc8-8a3e-4732-a366-f759598a29ac'),
 ('4', '3', '4', NULL, '5', '1', '2017-08-01 18:00:04', '2017-08-01 18:00:04', '56d0e9e4-e411-456f-a452-d6cb9657d67c'),
 ('5', '3', '15', NULL, '14', '1', '2017-08-02 06:29:51', '2017-08-02 06:29:51', '9a62fe4d-5298-4a30-b75a-5d70fe9d5a3b');



DROP TABLE IF EXISTS `craft_routes`;


--
-- Schema for table `craft_routes`
--
CREATE TABLE `craft_routes` (
  `id` int(11) NOT NULL AUTO_INCREMENT,
  `locale` char(12) COLLATE utf8_unicode_ci DEFAULT NULL,
  `urlParts` varchar(255) COLLATE utf8_unicode_ci NOT NULL,
  `urlPattern` varchar(255) COLLATE utf8_unicode_ci NOT NULL,
  `template` varchar(255) COLLATE utf8_unicode_ci NOT NULL,
  `sortOrder` smallint(6) unsigned DEFAULT NULL,
  `dateCreated` datetime NOT NULL,
  `dateUpdated` datetime NOT NULL,
  `uid` char(36) COLLATE utf8_unicode_ci NOT NULL DEFAULT '0',
  PRIMARY KEY (`id`),
  KEY `craft_routes_locale_idx` (`locale`),
  KEY `craft_routes_urlPattern_idx` (`urlPattern`)
) ENGINE=InnoDB DEFAULT CHARSET=utf8 COLLATE=utf8_unicode_ci;

DROP TABLE IF EXISTS `craft_searchindex`;


--
-- Schema for table `craft_searchindex`
--
CREATE TABLE `craft_searchindex` (
  `elementId` int(11) NOT NULL,
  `attribute` varchar(25) COLLATE utf8_unicode_ci NOT NULL,
  `fieldId` int(11) NOT NULL,
  `locale` char(12) COLLATE utf8_unicode_ci NOT NULL,
  `keywords` text COLLATE utf8_unicode_ci NOT NULL,
  PRIMARY KEY (`elementId`,`attribute`,`fieldId`,`locale`),
  FULLTEXT KEY `craft_searchindex_keywords_idx` (`keywords`)
) ENGINE=MyISAM DEFAULT CHARSET=utf8 COLLATE=utf8_unicode_ci;

--
-- Data for table `craft_searchindex`
--

INSERT INTO `craft_searchindex` (`elementId`, `attribute`, `fieldId`, `locale`, `keywords`) VALUES
 ('1', 'username', '0', 'en_us', ' admin '),
 ('1', 'firstname', '0', 'en_us', ''),
 ('1', 'lastname', '0', 'en_us', ''),
 ('1', 'fullname', '0', 'en_us', ''),
 ('1', 'email', '0', 'en_us', ' email noreply com '),
 ('1', 'slug', '0', 'en_us', ''),
 ('2', 'slug', '0', 'en_us', ' homepage '),
 ('2', 'title', '0', 'en_us', ' welcome to localhost '),
 ('2', 'field', '1', 'en_us', ' it s true this site doesn t have a whole lot of content yet but don t worry our web developers have just installed the cms and they re setting things up for the content editors this very moment soon localhost will be an oasis of fresh perspectives sharp analyses and astute opinions that will keep you coming back again and again '),
 ('3', 'field', '1', 'en_us', ' craft is the cms that s powering localhost it s beautiful powerful flexible and easy to use and it s made by pixel tonic we can t wait to dive in and see what it s capable of this is even more captivating content which you couldn t see on the news index page because it was entered after a page break and the news index template only likes to show the content on the first page craft a nice alternative to word if you re making a website '),
 ('3', 'field', '2', 'en_us', ''),
 ('3', 'slug', '0', 'en_us', ' we just installed craft '),
 ('3', 'title', '0', 'en_us', ' we just installed craft '),
 ('4', 'field', '3', 'en_us', ' home hero 2 '),
 ('4', 'field', '4', 'en_us', ' a simple and modern one page business theme for your company '),
 ('4', 'field', '5', 'en_us', ' sell your shit '),
 ('4', 'field', '6', 'en_us', ''),
 ('4', 'slug', '0', 'en_us', ' flexible landing page '),
 ('4', 'title', '0', 'en_us', ' it s time to letgo '),
 ('5', 'kind', '0', 'en_us', ' image '),
 ('5', 'slug', '0', 'en_us', ' home hero 2 '),
 ('5', 'extension', '0', 'en_us', ' jpg '),
 ('5', 'filename', '0', 'en_us', ' home hero 2 jpg '),
 ('5', 'title', '0', 'en_us', ' home hero 2 '),
 ('6', 'filename', '0', 'en_us', ' akita jpg '),
 ('6', 'extension', '0', 'en_us', ' jpg '),
 ('6', 'kind', '0', 'en_us', ' image '),
 ('6', 'slug', '0', 'en_us', ' akita '),
 ('6', 'title', '0', 'en_us', ' akita '),
 ('7', 'field', '1', 'en_us', ' pellentesque habitant morbi tristique senectus et netus et malesuada fames ac turpis egestas vestibulum tortor quam feugiat vitae ultricies eget tempor sit amet ante donec eu libero sit amet quam egestas semper aenean ultricies mi vitae est mauris placerat eleifend leo '),
 ('7', 'field', '7', 'en_us', ' akita '),
 ('7', 'slug', '0', 'en_us', ' responsiveness you bet '),
 ('7', 'title', '0', 'en_us', ' responsiveness you bet '),
 ('8', 'filename', '0', 'en_us', ' lens jpg '),
 ('8', 'extension', '0', 'en_us', ' jpg '),
 ('8', 'kind', '0', 'en_us', ' image '),
 ('8', 'slug', '0', 'en_us', ' lens '),
 ('8', 'title', '0', 'en_us', ' lens '),
 ('9', 'field', '1', 'en_us', ' pellentesque habitant morbi tristique senectus et netus et malesuada fames ac turpis egestas vestibulum tortor quam feugiat vitae ultricies eget tempor sit amet ante donec eu libero sit amet quam egestas semper aenean ultricies mi vitae est mauris placerat eleifend leo '),
 ('9', 'field', '7', 'en_us', ' lens '),
 ('9', 'slug', '0', 'en_us', ' easily changing colors '),
 ('9', 'title', '0', 'en_us', ' easily changing colors '),
 ('10', 'field', '8', 'en_us', ' fa user '),
 ('10', 'field', '9', 'en_us', ''),
 ('10', 'field', '10', 'en_us', ' 29 '),
 ('10', 'field', '11', 'en_us', ' no minimum or setup fees24 hours free supportmoney back guarantee7 features installed '),
 ('10', 'slug', '0', 'en_us', ' personal '),
 ('10', 'title', '0', 'en_us', ' personal '),
 ('11', 'field', '8', 'en_us', ' fa users '),
 ('11', 'field', '9', 'en_us', ''),
 ('11', 'field', '10', 'en_us', ' 39 '),
 ('11', 'field', '11', 'en_us', ' corporate24 7 supportnew updates includedawesome widgets installed '),
 ('11', 'slug', '0', 'en_us', ' small team '),
 ('11', 'title', '0', 'en_us', ' small team '),
 ('12', 'field', '8', 'en_us', ' fa bank '),
 ('12', 'field', '9', 'en_us', ''),
 ('12', 'field', '10', 'en_us', ' 49 '),
 ('12', 'field', '11', 'en_us', ' no minimum or setup fees24 hours free supportmoney back guarantee7 features installed '),
 ('12', 'slug', '0', 'en_us', ' enterprise '),
 ('12', 'title', '0', 'en_us', ' enterprise '),
 ('13', 'field', '8', 'en_us', ' fa briefcase '),
 ('13', 'field', '9', 'en_us', ''),
 ('13', 'field', '10', 'en_us', ' 59 '),
 ('13', 'field', '11', 'en_us', ' no minimum or setup fees24 hours free supportmoney back guarantee7 features installed '),
 ('13', 'slug', '0', 'en_us', ' corporate '),
 ('13', 'title', '0', 'en_us', ' corporate '),
 ('14', 'filename', '0', 'en_us', ' pencil jpg '),
 ('14', 'extension', '0', 'en_us', ' jpg '),
 ('14', 'kind', '0', 'en_us', ' image '),
 ('14', 'slug', '0', 'en_us', ' pencil '),
 ('14', 'title', '0', 'en_us', ' pencil '),
 ('15', 'field', '3', 'en_us', ' pencil '),
 ('15', 'field', '4', 'en_us', ' see how flexible can become your perfect website call to action '),
 ('15', 'field', '5', 'en_us', ' letgo '),
 ('15', 'field', '6', 'en_us', ''),
 ('15', 'slug', '0', 'en_us', ' simple and effective landing page '),
 ('15', 'title', '0', 'en_us', ' simple and effective landing page '),
 ('16', 'field', '12', 'en_us', ' copyright 2016 flexible all rights reserved '),
 ('16', 'field', '13', 'en_us', ' fa twitter https www twitter com fa facebook https www facebook com '),
 ('16', 'slug', '0', 'en_us', ' footer two '),
 ('16', 'title', '0', 'en_us', ' footer two '),
 ('17', 'field', '14', 'en_us', ' fa twitter '),
 ('17', 'field', '15', 'en_us', ' https www twitter com '),
 ('17', 'slug', '0', 'en_us', ''),
 ('18', 'field', '14', 'en_us', ' fa facebook '),
 ('18', 'field', '15', 'en_us', ' https www facebook com '),
 ('18', 'slug', '0', 'en_us', '');



DROP TABLE IF EXISTS `craft_sections`;


--
-- Schema for table `craft_sections`
--
CREATE TABLE `craft_sections` (
  `id` int(11) NOT NULL AUTO_INCREMENT,
  `structureId` int(11) DEFAULT NULL,
  `name` varchar(255) COLLATE utf8_unicode_ci NOT NULL,
  `handle` varchar(255) COLLATE utf8_unicode_ci NOT NULL,
  `type` enum('single','channel','structure') COLLATE utf8_unicode_ci NOT NULL DEFAULT 'channel',
  `hasUrls` tinyint(1) unsigned NOT NULL DEFAULT '1',
  `template` varchar(500) COLLATE utf8_unicode_ci DEFAULT NULL,
  `enableVersioning` tinyint(1) unsigned NOT NULL DEFAULT '0',
  `dateCreated` datetime NOT NULL,
  `dateUpdated` datetime NOT NULL,
  `uid` char(36) COLLATE utf8_unicode_ci NOT NULL DEFAULT '0',
  PRIMARY KEY (`id`),
  UNIQUE KEY `craft_sections_name_unq_idx` (`name`),
  UNIQUE KEY `craft_sections_handle_unq_idx` (`handle`),
  KEY `craft_sections_structureId_fk` (`structureId`)
) ENGINE=InnoDB AUTO_INCREMENT=4 DEFAULT CHARSET=utf8 COLLATE=utf8_unicode_ci;

--
-- Data for table `craft_sections`
--

INSERT INTO `craft_sections` (`id`, `structureId`, `name`, `handle`, `type`, `hasUrls`, `template`, `enableVersioning`, `dateCreated`, `dateUpdated`, `uid`) VALUES
 ('1', NULL, 'Homepage', 'homepage', 'single', '1', 'index', '1', '2017-08-01 05:45:27', '2017-08-01 05:45:27', 'eee08944-dc20-4bff-bc65-44ca858d0c51'),
 ('2', NULL, 'News', 'news', 'channel', '1', 'news/_entry', '1', '2017-08-01 05:45:27', '2017-08-01 05:45:27', '823724e1-20a3-4d4f-9e4e-48078d954f78'),
 ('3', '1', 'Home Panels', 'homePanels', 'structure', '0', NULL, '1', '2017-08-01 05:54:37', '2017-08-01 05:54:37', 'd66beb23-4390-451d-a589-c945d05436e4');



DROP TABLE IF EXISTS `craft_sections_i18n`;


--
-- Schema for table `craft_sections_i18n`
--
CREATE TABLE `craft_sections_i18n` (
  `id` int(11) NOT NULL AUTO_INCREMENT,
  `sectionId` int(11) NOT NULL,
  `locale` char(12) COLLATE utf8_unicode_ci NOT NULL,
  `enabledByDefault` tinyint(1) unsigned NOT NULL DEFAULT '1',
  `urlFormat` text COLLATE utf8_unicode_ci,
  `nestedUrlFormat` text COLLATE utf8_unicode_ci,
  `dateCreated` datetime NOT NULL,
  `dateUpdated` datetime NOT NULL,
  `uid` char(36) COLLATE utf8_unicode_ci NOT NULL DEFAULT '0',
  PRIMARY KEY (`id`),
  UNIQUE KEY `craft_sections_i18n_sectionId_locale_unq_idx` (`sectionId`,`locale`),
  KEY `craft_sections_i18n_locale_fk` (`locale`)
) ENGINE=InnoDB AUTO_INCREMENT=4 DEFAULT CHARSET=utf8 COLLATE=utf8_unicode_ci;

--
-- Data for table `craft_sections_i18n`
--

INSERT INTO `craft_sections_i18n` (`id`, `sectionId`, `locale`, `enabledByDefault`, `urlFormat`, `nestedUrlFormat`, `dateCreated`, `dateUpdated`, `uid`) VALUES
 ('1', '1', 'en_us', '1', '__home__', NULL, '2017-08-01 05:45:27', '2017-08-01 05:45:27', '40363589-ae15-4b6e-9dbe-f39cc2e18fb9'),
 ('2', '2', 'en_us', '1', 'news/{postDate.year}/{slug}', NULL, '2017-08-01 05:45:27', '2017-08-01 05:45:27', '1f66e3b5-ea14-4421-ac8f-a9df26947f76'),
 ('3', '3', 'en_us', '1', NULL, NULL, '2017-08-01 05:54:37', '2017-08-01 05:54:37', 'e867542d-b079-4a3c-ae9b-334eacd65fc0');



DROP TABLE IF EXISTS `craft_sessions`;


--
-- Schema for table `craft_sessions`
--
CREATE TABLE `craft_sessions` (
  `id` int(11) NOT NULL AUTO_INCREMENT,
  `userId` int(11) NOT NULL,
  `token` char(100) COLLATE utf8_unicode_ci NOT NULL,
  `dateCreated` datetime NOT NULL,
  `dateUpdated` datetime NOT NULL,
  `uid` char(36) COLLATE utf8_unicode_ci NOT NULL DEFAULT '0',
  PRIMARY KEY (`id`),
  KEY `craft_sessions_uid_idx` (`uid`),
  KEY `craft_sessions_token_idx` (`token`),
  KEY `craft_sessions_dateUpdated_idx` (`dateUpdated`),
  KEY `craft_sessions_userId_fk` (`userId`)
) ENGINE=InnoDB AUTO_INCREMENT=9 DEFAULT CHARSET=utf8 COLLATE=utf8_unicode_ci;

DROP TABLE IF EXISTS `craft_shunnedmessages`;


--
-- Schema for table `craft_shunnedmessages`
--
CREATE TABLE `craft_shunnedmessages` (
  `id` int(11) NOT NULL AUTO_INCREMENT,
  `userId` int(11) NOT NULL,
  `message` varchar(255) COLLATE utf8_unicode_ci NOT NULL,
  `expiryDate` datetime DEFAULT NULL,
  `dateCreated` datetime NOT NULL,
  `dateUpdated` datetime NOT NULL,
  `uid` char(36) COLLATE utf8_unicode_ci NOT NULL DEFAULT '0',
  PRIMARY KEY (`id`),
  UNIQUE KEY `craft_shunnedmessages_userId_message_unq_idx` (`userId`,`message`)
) ENGINE=InnoDB DEFAULT CHARSET=utf8 COLLATE=utf8_unicode_ci;

DROP TABLE IF EXISTS `craft_structureelements`;


--
-- Schema for table `craft_structureelements`
--
CREATE TABLE `craft_structureelements` (
  `id` int(11) NOT NULL AUTO_INCREMENT,
  `structureId` int(11) NOT NULL,
  `elementId` int(11) DEFAULT NULL,
  `root` int(11) unsigned DEFAULT NULL,
  `lft` int(11) unsigned NOT NULL,
  `rgt` int(11) unsigned NOT NULL,
  `level` smallint(6) unsigned NOT NULL,
  `dateCreated` datetime NOT NULL,
  `dateUpdated` datetime NOT NULL,
  `uid` char(36) COLLATE utf8_unicode_ci NOT NULL DEFAULT '0',
  PRIMARY KEY (`id`),
  UNIQUE KEY `craft_structureelements_structureId_elementId_unq_idx` (`structureId`,`elementId`),
  KEY `craft_structureelements_root_idx` (`root`),
  KEY `craft_structureelements_lft_idx` (`lft`),
  KEY `craft_structureelements_rgt_idx` (`rgt`),
  KEY `craft_structureelements_level_idx` (`level`),
  KEY `craft_structureelements_elementId_fk` (`elementId`)
) ENGINE=InnoDB AUTO_INCREMENT=11 DEFAULT CHARSET=utf8 COLLATE=utf8_unicode_ci;

--
-- Data for table `craft_structureelements`
--

INSERT INTO `craft_structureelements` (`id`, `structureId`, `elementId`, `root`, `lft`, `rgt`, `level`, `dateCreated`, `dateUpdated`, `uid`) VALUES
 ('1', '1', NULL, '1', '1', '20', '0', '2017-08-01 06:03:27', '2017-08-01 06:03:27', '09aec57f-ccf4-439e-8ffd-83b1578af415'),
 ('2', '1', '4', '1', '2', '3', '1', '2017-08-01 06:03:27', '2017-08-01 06:03:27', '96a6448c-81dc-4e00-9f7b-2455eff955bb'),
 ('3', '1', '7', '1', '4', '5', '1', '2017-08-01 06:41:43', '2017-08-01 06:41:43', '31dcf9fa-97b7-4392-8460-232b20feb9a6'),
 ('4', '1', '9', '1', '6', '7', '1', '2017-08-01 06:42:23', '2017-08-01 06:42:23', 'c33653a1-8791-4f1d-85f9-a9c8ff0f1ea6'),
 ('5', '1', '10', '1', '8', '9', '1', '2017-08-02 06:11:36', '2017-08-02 06:11:36', 'b240af2f-c0ec-47cc-85c1-fdf3a0158927'),
 ('6', '1', '11', '1', '10', '11', '1', '2017-08-02 06:12:07', '2017-08-02 06:12:07', '6c1db252-cf0b-4720-b536-ca3c36bd915f'),
 ('7', '1', '12', '1', '12', '13', '1', '2017-08-02 06:12:48', '2017-08-02 06:12:48', 'c1feb138-f918-4e85-936e-32712e88acf6'),
 ('8', '1', '13', '1', '14', '15', '1', '2017-08-02 06:13:23', '2017-08-02 06:13:23', 'cd9a57fc-4908-44e8-94ba-2d4be1e36c6b'),
 ('9', '1', '15', '1', '16', '17', '1', '2017-08-02 06:29:51', '2017-08-02 06:29:51', '50dab0fc-d257-415e-8b34-82e5e9794ccb'),
 ('10', '1', '16', '1', '18', '19', '1', '2017-08-02 06:40:18', '2017-08-02 06:40:18', 'ba22afa9-9917-4131-a64e-d0b36e2c3f19');



DROP TABLE IF EXISTS `craft_structures`;


--
-- Schema for table `craft_structures`
--
CREATE TABLE `craft_structures` (
  `id` int(11) NOT NULL AUTO_INCREMENT,
  `maxLevels` smallint(6) unsigned DEFAULT NULL,
  `dateCreated` datetime NOT NULL,
  `dateUpdated` datetime NOT NULL,
  `uid` char(36) COLLATE utf8_unicode_ci NOT NULL DEFAULT '0',
  PRIMARY KEY (`id`)
) ENGINE=InnoDB AUTO_INCREMENT=2 DEFAULT CHARSET=utf8 COLLATE=utf8_unicode_ci;

--
-- Data for table `craft_structures`
--

INSERT INTO `craft_structures` (`id`, `maxLevels`, `dateCreated`, `dateUpdated`, `uid`) VALUES
 ('1', NULL, '2017-08-01 05:54:37', '2017-08-01 05:54:37', 'e64082aa-9b97-46d8-aaa7-716c2e90f29e');



DROP TABLE IF EXISTS `craft_systemsettings`;


--
-- Schema for table `craft_systemsettings`
--
CREATE TABLE `craft_systemsettings` (
  `id` int(11) NOT NULL AUTO_INCREMENT,
  `category` varchar(15) COLLATE utf8_unicode_ci NOT NULL,
  `settings` text COLLATE utf8_unicode_ci,
  `dateCreated` datetime NOT NULL,
  `dateUpdated` datetime NOT NULL,
  `uid` char(36) COLLATE utf8_unicode_ci NOT NULL DEFAULT '0',
  PRIMARY KEY (`id`),
  UNIQUE KEY `craft_systemsettings_category_unq_idx` (`category`)
) ENGINE=InnoDB AUTO_INCREMENT=2 DEFAULT CHARSET=utf8 COLLATE=utf8_unicode_ci;

--
-- Data for table `craft_systemsettings`
--

INSERT INTO `craft_systemsettings` (`id`, `category`, `settings`, `dateCreated`, `dateUpdated`, `uid`) VALUES
 ('1', 'email', '{\"protocol\":\"php\",\"emailAddress\":\"email@noreply.com\",\"senderName\":\"Craft Tutorial\"}', '2017-08-01 05:45:27', '2017-08-01 05:45:27', '7b3260f2-d16e-4a36-93a1-39426b8e3112');



DROP TABLE IF EXISTS `craft_taggroups`;


--
-- Schema for table `craft_taggroups`
--
CREATE TABLE `craft_taggroups` (
  `id` int(11) NOT NULL AUTO_INCREMENT,
  `name` varchar(255) COLLATE utf8_unicode_ci NOT NULL,
  `handle` varchar(255) COLLATE utf8_unicode_ci NOT NULL,
  `fieldLayoutId` int(10) DEFAULT NULL,
  `dateCreated` datetime NOT NULL,
  `dateUpdated` datetime NOT NULL,
  `uid` char(36) COLLATE utf8_unicode_ci NOT NULL DEFAULT '0',
  PRIMARY KEY (`id`),
  UNIQUE KEY `craft_taggroups_name_unq_idx` (`name`),
  UNIQUE KEY `craft_taggroups_handle_unq_idx` (`handle`),
  KEY `craft_taggroups_fieldLayoutId_fk` (`fieldLayoutId`)
) ENGINE=InnoDB AUTO_INCREMENT=2 DEFAULT CHARSET=utf8 COLLATE=utf8_unicode_ci;

--
-- Data for table `craft_taggroups`
--

INSERT INTO `craft_taggroups` (`id`, `name`, `handle`, `fieldLayoutId`, `dateCreated`, `dateUpdated`, `uid`) VALUES
 ('1', 'Default', 'default', '1', '2017-08-01 05:45:27', '2017-08-01 05:45:27', 'a10897b0-0e97-4b0e-819c-17b0c70da35e');



DROP TABLE IF EXISTS `craft_tags`;


--
-- Schema for table `craft_tags`
--
CREATE TABLE `craft_tags` (
  `id` int(11) NOT NULL,
  `groupId` int(11) NOT NULL,
  `dateCreated` datetime NOT NULL,
  `dateUpdated` datetime NOT NULL,
  `uid` char(36) COLLATE utf8_unicode_ci NOT NULL DEFAULT '0',
  PRIMARY KEY (`id`),
  KEY `craft_tags_groupId_fk` (`groupId`)
) ENGINE=InnoDB DEFAULT CHARSET=utf8 COLLATE=utf8_unicode_ci;

DROP TABLE IF EXISTS `craft_tasks`;


--
-- Schema for table `craft_tasks`
--
CREATE TABLE `craft_tasks` (
  `id` int(11) NOT NULL AUTO_INCREMENT,
  `root` int(11) unsigned DEFAULT NULL,
  `lft` int(11) unsigned NOT NULL,
  `rgt` int(11) unsigned NOT NULL,
  `level` smallint(6) unsigned NOT NULL,
  `currentStep` int(11) unsigned DEFAULT NULL,
  `totalSteps` int(11) unsigned DEFAULT NULL,
  `status` enum('pending','error','running') COLLATE utf8_unicode_ci DEFAULT NULL,
  `type` varchar(150) COLLATE utf8_unicode_ci NOT NULL,
  `description` varchar(255) COLLATE utf8_unicode_ci DEFAULT NULL,
  `settings` mediumtext COLLATE utf8_unicode_ci,
  `dateCreated` datetime NOT NULL,
  `dateUpdated` datetime NOT NULL,
  `uid` char(36) COLLATE utf8_unicode_ci NOT NULL DEFAULT '0',
  PRIMARY KEY (`id`),
  KEY `craft_tasks_root_idx` (`root`),
  KEY `craft_tasks_lft_idx` (`lft`),
  KEY `craft_tasks_rgt_idx` (`rgt`),
  KEY `craft_tasks_level_idx` (`level`)
) ENGINE=InnoDB DEFAULT CHARSET=utf8 COLLATE=utf8_unicode_ci;

DROP TABLE IF EXISTS `craft_templatecachecriteria`;


--
-- Schema for table `craft_templatecachecriteria`
--
CREATE TABLE `craft_templatecachecriteria` (
  `id` int(11) NOT NULL AUTO_INCREMENT,
  `cacheId` int(11) NOT NULL,
  `type` varchar(150) COLLATE utf8_unicode_ci NOT NULL,
  `criteria` text COLLATE utf8_unicode_ci NOT NULL,
  PRIMARY KEY (`id`),
  KEY `craft_templatecachecriteria_cacheId_fk` (`cacheId`),
  KEY `craft_templatecachecriteria_type_idx` (`type`)
) ENGINE=InnoDB DEFAULT CHARSET=utf8 COLLATE=utf8_unicode_ci;

DROP TABLE IF EXISTS `craft_templatecacheelements`;


--
-- Schema for table `craft_templatecacheelements`
--
CREATE TABLE `craft_templatecacheelements` (
  `cacheId` int(11) NOT NULL,
  `elementId` int(11) NOT NULL,
  KEY `craft_templatecacheelements_cacheId_fk` (`cacheId`),
  KEY `craft_templatecacheelements_elementId_fk` (`elementId`)
) ENGINE=InnoDB DEFAULT CHARSET=utf8 COLLATE=utf8_unicode_ci;

DROP TABLE IF EXISTS `craft_templatecaches`;


--
-- Schema for table `craft_templatecaches`
--
CREATE TABLE `craft_templatecaches` (
  `id` int(11) NOT NULL AUTO_INCREMENT,
  `cacheKey` varchar(255) COLLATE utf8_unicode_ci NOT NULL,
  `locale` char(12) COLLATE utf8_unicode_ci NOT NULL,
  `path` varchar(255) COLLATE utf8_unicode_ci DEFAULT NULL,
  `expiryDate` datetime NOT NULL,
  `body` mediumtext COLLATE utf8_unicode_ci NOT NULL,
  PRIMARY KEY (`id`),
  KEY `craft_templatecaches_expiryDate_cacheKey_locale_path_idx` (`expiryDate`,`cacheKey`,`locale`,`path`),
  KEY `craft_templatecaches_locale_fk` (`locale`)
) ENGINE=InnoDB DEFAULT CHARSET=utf8 COLLATE=utf8_unicode_ci;

DROP TABLE IF EXISTS `craft_tokens`;


--
-- Schema for table `craft_tokens`
--
CREATE TABLE `craft_tokens` (
  `id` int(11) NOT NULL AUTO_INCREMENT,
  `token` char(32) COLLATE utf8_unicode_ci NOT NULL,
  `route` text COLLATE utf8_unicode_ci,
  `usageLimit` tinyint(3) unsigned DEFAULT NULL,
  `usageCount` tinyint(3) unsigned DEFAULT NULL,
  `expiryDate` datetime NOT NULL,
  `dateCreated` datetime NOT NULL,
  `dateUpdated` datetime NOT NULL,
  `uid` char(36) COLLATE utf8_unicode_ci NOT NULL DEFAULT '0',
  PRIMARY KEY (`id`),
  UNIQUE KEY `craft_tokens_token_unq_idx` (`token`),
  KEY `craft_tokens_expiryDate_idx` (`expiryDate`)
) ENGINE=InnoDB DEFAULT CHARSET=utf8 COLLATE=utf8_unicode_ci;

DROP TABLE IF EXISTS `craft_usergroups`;


--
-- Schema for table `craft_usergroups`
--
CREATE TABLE `craft_usergroups` (
  `id` int(11) NOT NULL AUTO_INCREMENT,
  `name` varchar(255) COLLATE utf8_unicode_ci NOT NULL,
  `handle` varchar(255) COLLATE utf8_unicode_ci NOT NULL,
  `dateCreated` datetime NOT NULL,
  `dateUpdated` datetime NOT NULL,
  `uid` char(36) COLLATE utf8_unicode_ci NOT NULL DEFAULT '0',
  PRIMARY KEY (`id`),
  UNIQUE KEY `craft_usergroups_name_unq_idx` (`name`),
  UNIQUE KEY `craft_usergroups_handle_unq_idx` (`handle`)
) ENGINE=InnoDB DEFAULT CHARSET=utf8 COLLATE=utf8_unicode_ci;

DROP TABLE IF EXISTS `craft_usergroups_users`;


--
-- Schema for table `craft_usergroups_users`
--
CREATE TABLE `craft_usergroups_users` (
  `id` int(11) NOT NULL AUTO_INCREMENT,
  `groupId` int(11) NOT NULL,
  `userId` int(11) NOT NULL,
  `dateCreated` datetime NOT NULL,
  `dateUpdated` datetime NOT NULL,
  `uid` char(36) COLLATE utf8_unicode_ci NOT NULL DEFAULT '0',
  PRIMARY KEY (`id`),
  UNIQUE KEY `craft_usergroups_users_groupId_userId_unq_idx` (`groupId`,`userId`),
  KEY `craft_usergroups_users_userId_fk` (`userId`)
) ENGINE=InnoDB DEFAULT CHARSET=utf8 COLLATE=utf8_unicode_ci;

DROP TABLE IF EXISTS `craft_userpermissions`;


--
-- Schema for table `craft_userpermissions`
--
CREATE TABLE `craft_userpermissions` (
  `id` int(11) NOT NULL AUTO_INCREMENT,
  `name` varchar(255) COLLATE utf8_unicode_ci NOT NULL,
  `dateCreated` datetime NOT NULL,
  `dateUpdated` datetime NOT NULL,
  `uid` char(36) COLLATE utf8_unicode_ci NOT NULL DEFAULT '0',
  PRIMARY KEY (`id`),
  UNIQUE KEY `craft_userpermissions_name_unq_idx` (`name`)
) ENGINE=InnoDB DEFAULT CHARSET=utf8 COLLATE=utf8_unicode_ci;

DROP TABLE IF EXISTS `craft_userpermissions_usergroups`;


--
-- Schema for table `craft_userpermissions_usergroups`
--
CREATE TABLE `craft_userpermissions_usergroups` (
  `id` int(11) NOT NULL AUTO_INCREMENT,
  `permissionId` int(11) NOT NULL,
  `groupId` int(11) NOT NULL,
  `dateCreated` datetime NOT NULL,
  `dateUpdated` datetime NOT NULL,
  `uid` char(36) COLLATE utf8_unicode_ci NOT NULL DEFAULT '0',
  PRIMARY KEY (`id`),
  UNIQUE KEY `craft_userpermissions_usergroups_permissionId_groupId_unq_idx` (`permissionId`,`groupId`),
  KEY `craft_userpermissions_usergroups_groupId_fk` (`groupId`)
) ENGINE=InnoDB DEFAULT CHARSET=utf8 COLLATE=utf8_unicode_ci;

DROP TABLE IF EXISTS `craft_userpermissions_users`;


--
-- Schema for table `craft_userpermissions_users`
--
CREATE TABLE `craft_userpermissions_users` (
  `id` int(11) NOT NULL AUTO_INCREMENT,
  `permissionId` int(11) NOT NULL,
  `userId` int(11) NOT NULL,
  `dateCreated` datetime NOT NULL,
  `dateUpdated` datetime NOT NULL,
  `uid` char(36) COLLATE utf8_unicode_ci NOT NULL DEFAULT '0',
  PRIMARY KEY (`id`),
  UNIQUE KEY `craft_userpermissions_users_permissionId_userId_unq_idx` (`permissionId`,`userId`),
  KEY `craft_userpermissions_users_userId_fk` (`userId`)
) ENGINE=InnoDB DEFAULT CHARSET=utf8 COLLATE=utf8_unicode_ci;

DROP TABLE IF EXISTS `craft_users`;


--
-- Schema for table `craft_users`
--
CREATE TABLE `craft_users` (
  `id` int(11) NOT NULL,
  `username` varchar(100) COLLATE utf8_unicode_ci NOT NULL,
  `photo` varchar(100) COLLATE utf8_unicode_ci DEFAULT NULL,
  `firstName` varchar(100) COLLATE utf8_unicode_ci DEFAULT NULL,
  `lastName` varchar(100) COLLATE utf8_unicode_ci DEFAULT NULL,
  `email` varchar(255) COLLATE utf8_unicode_ci NOT NULL,
  `password` char(255) COLLATE utf8_unicode_ci DEFAULT NULL,
  `preferredLocale` char(12) COLLATE utf8_unicode_ci DEFAULT NULL,
  `weekStartDay` tinyint(1) unsigned NOT NULL DEFAULT '0',
  `admin` tinyint(1) unsigned NOT NULL DEFAULT '0',
  `client` tinyint(1) unsigned NOT NULL DEFAULT '0',
  `locked` tinyint(1) unsigned NOT NULL DEFAULT '0',
  `suspended` tinyint(1) unsigned NOT NULL DEFAULT '0',
  `pending` tinyint(1) unsigned NOT NULL DEFAULT '0',
  `archived` tinyint(1) unsigned NOT NULL DEFAULT '0',
  `lastLoginDate` datetime DEFAULT NULL,
  `lastLoginAttemptIPAddress` varchar(45) COLLATE utf8_unicode_ci DEFAULT NULL,
  `invalidLoginWindowStart` datetime DEFAULT NULL,
  `invalidLoginCount` tinyint(4) unsigned DEFAULT NULL,
  `lastInvalidLoginDate` datetime DEFAULT NULL,
  `lockoutDate` datetime DEFAULT NULL,
  `verificationCode` char(100) COLLATE utf8_unicode_ci DEFAULT NULL,
  `verificationCodeIssuedDate` datetime DEFAULT NULL,
  `unverifiedEmail` varchar(255) COLLATE utf8_unicode_ci DEFAULT NULL,
  `passwordResetRequired` tinyint(1) unsigned NOT NULL DEFAULT '0',
  `lastPasswordChangeDate` datetime DEFAULT NULL,
  `dateCreated` datetime NOT NULL,
  `dateUpdated` datetime NOT NULL,
  `uid` char(36) COLLATE utf8_unicode_ci NOT NULL DEFAULT '0',
  PRIMARY KEY (`id`),
  UNIQUE KEY `craft_users_username_unq_idx` (`username`),
  UNIQUE KEY `craft_users_email_unq_idx` (`email`),
  KEY `craft_users_verificationCode_idx` (`verificationCode`),
  KEY `craft_users_uid_idx` (`uid`),
  KEY `craft_users_preferredLocale_fk` (`preferredLocale`)
) ENGINE=InnoDB DEFAULT CHARSET=utf8 COLLATE=utf8_unicode_ci;

--
-- Data for table `craft_users`
--

INSERT INTO `craft_users` (`id`, `username`, `photo`, `firstName`, `lastName`, `email`, `password`, `preferredLocale`, `weekStartDay`, `admin`, `client`, `locked`, `suspended`, `pending`, `archived`, `lastLoginDate`, `lastLoginAttemptIPAddress`, `invalidLoginWindowStart`, `invalidLoginCount`, `lastInvalidLoginDate`, `lockoutDate`, `verificationCode`, `verificationCodeIssuedDate`, `unverifiedEmail`, `passwordResetRequired`, `lastPasswordChangeDate`, `dateCreated`, `dateUpdated`, `uid`) VALUES
 ('1', 'admin', NULL, NULL, NULL, 'email@noreply.com', '$2y$13$ftVWpipDuTRbbqYU1lKNv./Zp7MJekPUezmH5qpH2AUonTQvmWiea', NULL, '0', '1', '0', '0', '0', '0', '0', '2017-09-22 00:25:03', '::1', NULL, NULL, NULL, NULL, NULL, NULL, NULL, '0', '2017-08-01 05:45:24', '2017-08-01 05:45:24', '2017-09-22 00:25:03', '3b9b698c-45af-43b6-830c-2fdb4a77afde');



DROP TABLE IF EXISTS `craft_widgets`;


--
-- Schema for table `craft_widgets`
--
CREATE TABLE `craft_widgets` (
  `id` int(11) NOT NULL AUTO_INCREMENT,
  `userId` int(11) NOT NULL,
  `type` varchar(150) COLLATE utf8_unicode_ci NOT NULL,
  `sortOrder` smallint(6) unsigned DEFAULT NULL,
  `colspan` tinyint(4) unsigned DEFAULT NULL,
  `settings` text COLLATE utf8_unicode_ci,
  `enabled` tinyint(1) unsigned NOT NULL DEFAULT '1',
  `dateCreated` datetime NOT NULL,
  `dateUpdated` datetime NOT NULL,
  `uid` char(36) COLLATE utf8_unicode_ci NOT NULL DEFAULT '0',
  PRIMARY KEY (`id`),
  KEY `craft_widgets_userId_fk` (`userId`)
) ENGINE=InnoDB AUTO_INCREMENT=5 DEFAULT CHARSET=utf8 COLLATE=utf8_unicode_ci;

--
-- Data for table `craft_widgets`
--

INSERT INTO `craft_widgets` (`id`, `userId`, `type`, `sortOrder`, `colspan`, `settings`, `enabled`, `dateCreated`, `dateUpdated`, `uid`) VALUES
 ('1', '1', 'RecentEntries', '1', NULL, NULL, '1', '2017-08-01 05:45:29', '2017-08-01 05:45:29', '07717331-5175-4c86-8062-fea1396d8c93'),
 ('2', '1', 'GetHelp', '2', NULL, NULL, '1', '2017-08-01 05:45:29', '2017-08-01 05:45:29', 'a4a65583-d8d3-4621-a23e-850ea4a40ee2'),
 ('3', '1', 'Updates', '3', NULL, NULL, '1', '2017-08-01 05:45:29', '2017-08-01 05:45:29', '475f77d3-85fe-45c4-85fc-756939f93118'),
 ('4', '1', 'Feed', '4', NULL, '{\"url\":\"https:\\/\\/craftcms.com\\/news.rss\",\"title\":\"Craft News\"}', '1', '2017-08-01 05:45:29', '2017-08-01 05:45:29', '24fc6763-68cb-47b9-83b9-c79f00d38f60');


--
-- Constraints for tables
--


--
-- Constraints for table `craft_assetfiles`
--
ALTER TABLE `craft_assetfiles`
	ADD CONSTRAINT `craft_assetfiles_folderId_fk` FOREIGN KEY (`folderId`) REFERENCES `craft_assetfolders` (`id`) ON DELETE CASCADE,
	ADD CONSTRAINT `craft_assetfiles_id_fk` FOREIGN KEY (`id`) REFERENCES `craft_elements` (`id`) ON DELETE CASCADE,
	ADD CONSTRAINT `craft_assetfiles_sourceId_fk` FOREIGN KEY (`sourceId`) REFERENCES `craft_assetsources` (`id`) ON DELETE CASCADE;

--
-- Constraints for table `craft_assetfolders`
--
ALTER TABLE `craft_assetfolders`
	ADD CONSTRAINT `craft_assetfolders_parentId_fk` FOREIGN KEY (`parentId`) REFERENCES `craft_assetfolders` (`id`) ON DELETE CASCADE,
	ADD CONSTRAINT `craft_assetfolders_sourceId_fk` FOREIGN KEY (`sourceId`) REFERENCES `craft_assetsources` (`id`) ON DELETE CASCADE;

--
-- Constraints for table `craft_assetindexdata`
--
ALTER TABLE `craft_assetindexdata`
	ADD CONSTRAINT `craft_assetindexdata_sourceId_fk` FOREIGN KEY (`sourceId`) REFERENCES `craft_assetsources` (`id`) ON DELETE CASCADE;

--
-- Constraints for table `craft_assetsources`
--
ALTER TABLE `craft_assetsources`
	ADD CONSTRAINT `craft_assetsources_fieldLayoutId_fk` FOREIGN KEY (`fieldLayoutId`) REFERENCES `craft_fieldlayouts` (`id`) ON DELETE SET NULL;

--
-- Constraints for table `craft_categories`
--
ALTER TABLE `craft_categories`
	ADD CONSTRAINT `craft_categories_groupId_fk` FOREIGN KEY (`groupId`) REFERENCES `craft_categorygroups` (`id`) ON DELETE CASCADE,
	ADD CONSTRAINT `craft_categories_id_fk` FOREIGN KEY (`id`) REFERENCES `craft_elements` (`id`) ON DELETE CASCADE;

--
-- Constraints for table `craft_categorygroups`
--
ALTER TABLE `craft_categorygroups`
	ADD CONSTRAINT `craft_categorygroups_fieldLayoutId_fk` FOREIGN KEY (`fieldLayoutId`) REFERENCES `craft_fieldlayouts` (`id`) ON DELETE SET NULL,
	ADD CONSTRAINT `craft_categorygroups_structureId_fk` FOREIGN KEY (`structureId`) REFERENCES `craft_structures` (`id`) ON DELETE CASCADE;

--
-- Constraints for table `craft_categorygroups_i18n`
--
ALTER TABLE `craft_categorygroups_i18n`
	ADD CONSTRAINT `craft_categorygroups_i18n_groupId_fk` FOREIGN KEY (`groupId`) REFERENCES `craft_categorygroups` (`id`) ON DELETE CASCADE,
	ADD CONSTRAINT `craft_categorygroups_i18n_locale_fk` FOREIGN KEY (`locale`) REFERENCES `craft_locales` (`locale`) ON DELETE CASCADE ON UPDATE CASCADE;

--
-- Constraints for table `craft_content`
--
ALTER TABLE `craft_content`
	ADD CONSTRAINT `craft_content_elementId_fk` FOREIGN KEY (`elementId`) REFERENCES `craft_elements` (`id`) ON DELETE CASCADE,
	ADD CONSTRAINT `craft_content_locale_fk` FOREIGN KEY (`locale`) REFERENCES `craft_locales` (`locale`) ON DELETE CASCADE ON UPDATE CASCADE;

--
-- Constraints for table `craft_elements_i18n`
--
ALTER TABLE `craft_elements_i18n`
	ADD CONSTRAINT `craft_elements_i18n_elementId_fk` FOREIGN KEY (`elementId`) REFERENCES `craft_elements` (`id`) ON DELETE CASCADE,
	ADD CONSTRAINT `craft_elements_i18n_locale_fk` FOREIGN KEY (`locale`) REFERENCES `craft_locales` (`locale`) ON DELETE CASCADE ON UPDATE CASCADE;

--
-- Constraints for table `craft_emailmessages`
--
ALTER TABLE `craft_emailmessages`
	ADD CONSTRAINT `craft_emailmessages_locale_fk` FOREIGN KEY (`locale`) REFERENCES `craft_locales` (`locale`) ON DELETE CASCADE ON UPDATE CASCADE;

--
-- Constraints for table `craft_entries`
--
ALTER TABLE `craft_entries`
	ADD CONSTRAINT `craft_entries_authorId_fk` FOREIGN KEY (`authorId`) REFERENCES `craft_users` (`id`) ON DELETE CASCADE,
	ADD CONSTRAINT `craft_entries_id_fk` FOREIGN KEY (`id`) REFERENCES `craft_elements` (`id`) ON DELETE CASCADE,
	ADD CONSTRAINT `craft_entries_sectionId_fk` FOREIGN KEY (`sectionId`) REFERENCES `craft_sections` (`id`) ON DELETE CASCADE,
	ADD CONSTRAINT `craft_entries_typeId_fk` FOREIGN KEY (`typeId`) REFERENCES `craft_entrytypes` (`id`) ON DELETE CASCADE;

--
-- Constraints for table `craft_entrydrafts`
--
ALTER TABLE `craft_entrydrafts`
	ADD CONSTRAINT `craft_entrydrafts_creatorId_fk` FOREIGN KEY (`creatorId`) REFERENCES `craft_users` (`id`) ON DELETE CASCADE,
	ADD CONSTRAINT `craft_entrydrafts_entryId_fk` FOREIGN KEY (`entryId`) REFERENCES `craft_entries` (`id`) ON DELETE CASCADE,
	ADD CONSTRAINT `craft_entrydrafts_locale_fk` FOREIGN KEY (`locale`) REFERENCES `craft_locales` (`locale`) ON DELETE CASCADE ON UPDATE CASCADE,
	ADD CONSTRAINT `craft_entrydrafts_sectionId_fk` FOREIGN KEY (`sectionId`) REFERENCES `craft_sections` (`id`) ON DELETE CASCADE;

--
-- Constraints for table `craft_entrytypes`
--
ALTER TABLE `craft_entrytypes`
	ADD CONSTRAINT `craft_entrytypes_fieldLayoutId_fk` FOREIGN KEY (`fieldLayoutId`) REFERENCES `craft_fieldlayouts` (`id`) ON DELETE SET NULL,
	ADD CONSTRAINT `craft_entrytypes_sectionId_fk` FOREIGN KEY (`sectionId`) REFERENCES `craft_sections` (`id`) ON DELETE CASCADE;

--
-- Constraints for table `craft_entryversions`
--
ALTER TABLE `craft_entryversions`
	ADD CONSTRAINT `craft_entryversions_creatorId_fk` FOREIGN KEY (`creatorId`) REFERENCES `craft_users` (`id`) ON DELETE SET NULL,
	ADD CONSTRAINT `craft_entryversions_entryId_fk` FOREIGN KEY (`entryId`) REFERENCES `craft_entries` (`id`) ON DELETE CASCADE,
	ADD CONSTRAINT `craft_entryversions_locale_fk` FOREIGN KEY (`locale`) REFERENCES `craft_locales` (`locale`) ON DELETE CASCADE ON UPDATE CASCADE,
	ADD CONSTRAINT `craft_entryversions_sectionId_fk` FOREIGN KEY (`sectionId`) REFERENCES `craft_sections` (`id`) ON DELETE CASCADE;

--
-- Constraints for table `craft_fieldlayoutfields`
--
ALTER TABLE `craft_fieldlayoutfields`
	ADD CONSTRAINT `craft_fieldlayoutfields_fieldId_fk` FOREIGN KEY (`fieldId`) REFERENCES `craft_fields` (`id`) ON DELETE CASCADE,
	ADD CONSTRAINT `craft_fieldlayoutfields_layoutId_fk` FOREIGN KEY (`layoutId`) REFERENCES `craft_fieldlayouts` (`id`) ON DELETE CASCADE,
	ADD CONSTRAINT `craft_fieldlayoutfields_tabId_fk` FOREIGN KEY (`tabId`) REFERENCES `craft_fieldlayouttabs` (`id`) ON DELETE CASCADE;

--
-- Constraints for table `craft_fieldlayouttabs`
--
ALTER TABLE `craft_fieldlayouttabs`
	ADD CONSTRAINT `craft_fieldlayouttabs_layoutId_fk` FOREIGN KEY (`layoutId`) REFERENCES `craft_fieldlayouts` (`id`) ON DELETE CASCADE;

--
-- Constraints for table `craft_fields`
--
ALTER TABLE `craft_fields`
	ADD CONSTRAINT `craft_fields_groupId_fk` FOREIGN KEY (`groupId`) REFERENCES `craft_fieldgroups` (`id`) ON DELETE CASCADE;

--
-- Constraints for table `craft_globalsets`
--
ALTER TABLE `craft_globalsets`
	ADD CONSTRAINT `craft_globalsets_fieldLayoutId_fk` FOREIGN KEY (`fieldLayoutId`) REFERENCES `craft_fieldlayouts` (`id`) ON DELETE SET NULL,
	ADD CONSTRAINT `craft_globalsets_id_fk` FOREIGN KEY (`id`) REFERENCES `craft_elements` (`id`) ON DELETE CASCADE;

--
-- Constraints for table `craft_matrixblocks`
--
ALTER TABLE `craft_matrixblocks`
	ADD CONSTRAINT `craft_matrixblocks_fieldId_fk` FOREIGN KEY (`fieldId`) REFERENCES `craft_fields` (`id`) ON DELETE CASCADE,
	ADD CONSTRAINT `craft_matrixblocks_id_fk` FOREIGN KEY (`id`) REFERENCES `craft_elements` (`id`) ON DELETE CASCADE,
	ADD CONSTRAINT `craft_matrixblocks_ownerId_fk` FOREIGN KEY (`ownerId`) REFERENCES `craft_elements` (`id`) ON DELETE CASCADE,
	ADD CONSTRAINT `craft_matrixblocks_ownerLocale_fk` FOREIGN KEY (`ownerLocale`) REFERENCES `craft_locales` (`locale`) ON DELETE CASCADE ON UPDATE CASCADE,
	ADD CONSTRAINT `craft_matrixblocks_typeId_fk` FOREIGN KEY (`typeId`) REFERENCES `craft_matrixblocktypes` (`id`) ON DELETE CASCADE;

--
-- Constraints for table `craft_matrixblocktypes`
--
ALTER TABLE `craft_matrixblocktypes`
	ADD CONSTRAINT `craft_matrixblocktypes_fieldId_fk` FOREIGN KEY (`fieldId`) REFERENCES `craft_fields` (`id`) ON DELETE CASCADE,
	ADD CONSTRAINT `craft_matrixblocktypes_fieldLayoutId_fk` FOREIGN KEY (`fieldLayoutId`) REFERENCES `craft_fieldlayouts` (`id`) ON DELETE SET NULL;

--
-- Constraints for table `craft_matrixcontent_socialicons`
--
ALTER TABLE `craft_matrixcontent_socialicons`
	ADD CONSTRAINT `craft_matrixcontent_socialicons_elementId_fk` FOREIGN KEY (`elementId`) REFERENCES `craft_elements` (`id`) ON DELETE CASCADE,
	ADD CONSTRAINT `craft_matrixcontent_socialicons_locale_fk` FOREIGN KEY (`locale`) REFERENCES `craft_locales` (`locale`) ON DELETE CASCADE ON UPDATE CASCADE;

--
-- Constraints for table `craft_migrations`
--
ALTER TABLE `craft_migrations`
	ADD CONSTRAINT `craft_migrations_pluginId_fk` FOREIGN KEY (`pluginId`) REFERENCES `craft_plugins` (`id`) ON DELETE CASCADE;

--
-- Constraints for table `craft_relations`
--
ALTER TABLE `craft_relations`
	ADD CONSTRAINT `craft_relations_fieldId_fk` FOREIGN KEY (`fieldId`) REFERENCES `craft_fields` (`id`) ON DELETE CASCADE,
	ADD CONSTRAINT `craft_relations_sourceId_fk` FOREIGN KEY (`sourceId`) REFERENCES `craft_elements` (`id`) ON DELETE CASCADE,
	ADD CONSTRAINT `craft_relations_sourceLocale_fk` FOREIGN KEY (`sourceLocale`) REFERENCES `craft_locales` (`locale`) ON DELETE CASCADE ON UPDATE CASCADE,
	ADD CONSTRAINT `craft_relations_targetId_fk` FOREIGN KEY (`targetId`) REFERENCES `craft_elements` (`id`) ON DELETE CASCADE;

--
-- Constraints for table `craft_routes`
--
ALTER TABLE `craft_routes`
	ADD CONSTRAINT `craft_routes_locale_fk` FOREIGN KEY (`locale`) REFERENCES `craft_locales` (`locale`) ON DELETE CASCADE ON UPDATE CASCADE;

--
-- Constraints for table `craft_sections`
--
ALTER TABLE `craft_sections`
	ADD CONSTRAINT `craft_sections_structureId_fk` FOREIGN KEY (`structureId`) REFERENCES `craft_structures` (`id`) ON DELETE SET NULL;

--
-- Constraints for table `craft_sections_i18n`
--
ALTER TABLE `craft_sections_i18n`
	ADD CONSTRAINT `craft_sections_i18n_locale_fk` FOREIGN KEY (`locale`) REFERENCES `craft_locales` (`locale`) ON DELETE CASCADE ON UPDATE CASCADE,
	ADD CONSTRAINT `craft_sections_i18n_sectionId_fk` FOREIGN KEY (`sectionId`) REFERENCES `craft_sections` (`id`) ON DELETE CASCADE;

--
-- Constraints for table `craft_sessions`
--
ALTER TABLE `craft_sessions`
	ADD CONSTRAINT `craft_sessions_userId_fk` FOREIGN KEY (`userId`) REFERENCES `craft_users` (`id`) ON DELETE CASCADE;

--
-- Constraints for table `craft_shunnedmessages`
--
ALTER TABLE `craft_shunnedmessages`
	ADD CONSTRAINT `craft_shunnedmessages_userId_fk` FOREIGN KEY (`userId`) REFERENCES `craft_users` (`id`) ON DELETE CASCADE;

--
-- Constraints for table `craft_structureelements`
--
ALTER TABLE `craft_structureelements`
	ADD CONSTRAINT `craft_structureelements_elementId_fk` FOREIGN KEY (`elementId`) REFERENCES `craft_elements` (`id`) ON DELETE CASCADE,
	ADD CONSTRAINT `craft_structureelements_structureId_fk` FOREIGN KEY (`structureId`) REFERENCES `craft_structures` (`id`) ON DELETE CASCADE;

--
-- Constraints for table `craft_taggroups`
--
ALTER TABLE `craft_taggroups`
	ADD CONSTRAINT `craft_taggroups_fieldLayoutId_fk` FOREIGN KEY (`fieldLayoutId`) REFERENCES `craft_fieldlayouts` (`id`) ON DELETE SET NULL;

--
-- Constraints for table `craft_tags`
--
ALTER TABLE `craft_tags`
	ADD CONSTRAINT `craft_tags_groupId_fk` FOREIGN KEY (`groupId`) REFERENCES `craft_taggroups` (`id`) ON DELETE CASCADE,
	ADD CONSTRAINT `craft_tags_id_fk` FOREIGN KEY (`id`) REFERENCES `craft_elements` (`id`) ON DELETE CASCADE;

--
-- Constraints for table `craft_templatecachecriteria`
--
ALTER TABLE `craft_templatecachecriteria`
	ADD CONSTRAINT `craft_templatecachecriteria_cacheId_fk` FOREIGN KEY (`cacheId`) REFERENCES `craft_templatecaches` (`id`) ON DELETE CASCADE;

--
-- Constraints for table `craft_templatecacheelements`
--
ALTER TABLE `craft_templatecacheelements`
	ADD CONSTRAINT `craft_templatecacheelements_cacheId_fk` FOREIGN KEY (`cacheId`) REFERENCES `craft_templatecaches` (`id`) ON DELETE CASCADE,
	ADD CONSTRAINT `craft_templatecacheelements_elementId_fk` FOREIGN KEY (`elementId`) REFERENCES `craft_elements` (`id`) ON DELETE CASCADE;

--
-- Constraints for table `craft_templatecaches`
--
ALTER TABLE `craft_templatecaches`
	ADD CONSTRAINT `craft_templatecaches_locale_fk` FOREIGN KEY (`locale`) REFERENCES `craft_locales` (`locale`) ON DELETE CASCADE ON UPDATE CASCADE;

--
-- Constraints for table `craft_usergroups_users`
--
ALTER TABLE `craft_usergroups_users`
	ADD CONSTRAINT `craft_usergroups_users_groupId_fk` FOREIGN KEY (`groupId`) REFERENCES `craft_usergroups` (`id`) ON DELETE CASCADE,
	ADD CONSTRAINT `craft_usergroups_users_userId_fk` FOREIGN KEY (`userId`) REFERENCES `craft_users` (`id`) ON DELETE CASCADE;

--
-- Constraints for table `craft_userpermissions_usergroups`
--
ALTER TABLE `craft_userpermissions_usergroups`
	ADD CONSTRAINT `craft_userpermissions_usergroups_groupId_fk` FOREIGN KEY (`groupId`) REFERENCES `craft_usergroups` (`id`) ON DELETE CASCADE,
	ADD CONSTRAINT `craft_userpermissions_usergroups_permissionId_fk` FOREIGN KEY (`permissionId`) REFERENCES `craft_userpermissions` (`id`) ON DELETE CASCADE;

--
-- Constraints for table `craft_userpermissions_users`
--
ALTER TABLE `craft_userpermissions_users`
	ADD CONSTRAINT `craft_userpermissions_users_permissionId_fk` FOREIGN KEY (`permissionId`) REFERENCES `craft_userpermissions` (`id`) ON DELETE CASCADE,
	ADD CONSTRAINT `craft_userpermissions_users_userId_fk` FOREIGN KEY (`userId`) REFERENCES `craft_users` (`id`) ON DELETE CASCADE;

--
-- Constraints for table `craft_users`
--
ALTER TABLE `craft_users`
	ADD CONSTRAINT `craft_users_id_fk` FOREIGN KEY (`id`) REFERENCES `craft_elements` (`id`) ON DELETE CASCADE,
	ADD CONSTRAINT `craft_users_preferredLocale_fk` FOREIGN KEY (`preferredLocale`) REFERENCES `craft_locales` (`locale`) ON DELETE SET NULL ON UPDATE CASCADE;

--
-- Constraints for table `craft_widgets`
--
ALTER TABLE `craft_widgets`
	ADD CONSTRAINT `craft_widgets_userId_fk` FOREIGN KEY (`userId`) REFERENCES `craft_users` (`id`) ON DELETE CASCADE;

SET FOREIGN_KEY_CHECKS = 1;
